id;Operacao;Cod_Cliente;Dt_Operacao;Entrega;Nota;Serie;Situacao;Cliente;Nome;Produto;Descricao;Qtde;Valor
;251;260;03/06/2010;03/06/2010;161109;1;"""E""";260;"""AMBEV FILIAL JACAR""";7387;"""CARACU LATA 350ML TWE""";4610;63132,57
;251;260;10/06/2010;10/06/2010;162498;1;"""E""";260;"""AMBEV FILIAL JACAR""";7387;"""CARACU LATA 350ML TWE""";4611;63146,26
;251;260;10/06/2010;10/06/2010;162503;1;"""E""";260;"""AMBEV FILIAL JACAR""";361;"""BRAHMA EXTRA LONG NEC""";540;18854,26
;251;260;10/06/2010;10/06/2010;162503;1;"""E""";260;"""AMBEV FILIAL JACAR""";620;"""CARACU LONG NECK 355M""";607;21200,51
;251;260;10/06/2010;10/06/2010;162503;1;"""E""";260;"""AMBEV FILIAL JACAR""";6019;"""BOHEMIA WEISS TRIGO L""";62;2542,11
;251;260;10/06/2010;10/06/2010;162504;1;"""E""";260;"""AMBEV FILIAL JACAR""";7387;"""CARACU LATA 350ML TWE""";462;6326,95
;251;261;05/06/2010;05/06/2010;167365;1;"""E""";261;"""AMBEV - FILIAL JAG""";2750;"""ANTARCTICA PILSEN LON""";355;9408,74
;251;261;05/06/2010;05/06/2010;167365;1;"""E""";261;"""AMBEV - FILIAL JAG""";3735;"""BOHEMIA NOVA EMBALAGE""";396;11783,38
;251;261;05/06/2010;05/06/2010;167366;1;"""E""";261;"""AMBEV - FILIAL JAG""";5018;"""SKOL BEATS LONG NECK """;409;14808,7
;251;261;05/06/2010;05/06/2010;167366;1;"""E""";261;"""AMBEV - FILIAL JAG""";6161;"""LIBER LONG NECK 355ML""";70;2682,39
;251;261;05/06/2010;05/06/2010;167366;1;"""E""";261;"""AMBEV - FILIAL JAG""";8153;"""STELLA ARTOIS LONG NE""";147;5646,42
;251;261;05/06/2010;05/06/2010;167378;1;"""E""";261;"""AMBEV - FILIAL JAG""";392;"""SKOL LONG NECK 355ML """;1314;35447,25
;251;261;08/06/2010;08/06/2010;167814;1;"""E""";261;"""AMBEV - FILIAL JAG""";392;"""SKOL LONG NECK 355ML """;1313;35420,28
;251;261;08/06/2010;08/06/2010;167819;1;"""E""";261;"""AMBEV - FILIAL JAG""";7982;"""GATORADE LIMAO PET 50""";406;5364,07
;251;261;08/06/2010;08/06/2010;167819;1;"""E""";261;"""AMBEV - FILIAL JAG""";7983;"""GATORADE MORANGO-MARA""";407;5377,28
;251;261;08/06/2010;08/06/2010;167820;1;"""E""";261;"""AMBEV - FILIAL JAG""";7977;"""GATORADE UVA PET 500M""";204;2695,25
;251;261;08/06/2010;08/06/2010;167820;1;"""E""";261;"""AMBEV - FILIAL JAG""";7980;"""GATORADE TANGERINA PE""";203;2682,04
;251;261;08/06/2010;08/06/2010;167820;1;"""E""";261;"""AMBEV - FILIAL JAG""";7981;"""GATORADE LARANJA PET """;204;2695,25
;251;261;08/06/2010;08/06/2010;167821;1;"""E""";261;"""AMBEV - FILIAL JAG""";392;"""SKOL LONG NECK 355ML """;329;8875,3
;251;261;08/06/2010;08/06/2010;167821;1;"""E""";261;"""AMBEV - FILIAL JAG""";2492;"""KRONENBIER LATA 350ML""";466;7453,06
;251;261;08/06/2010;08/06/2010;167821;1;"""E""";261;"""AMBEV - FILIAL JAG""";6158;"""LIBER LATA 350ML SHRI""";1488;21593,56
;251;261;08/06/2010;08/06/2010;167890;1;"""E""";261;"""AMBEV - FILIAL JAG""";2569;"""ANTARCTICA MALZEBIER """;140;4608,42
;251;261;08/06/2010;08/06/2010;167890;1;"""E""";261;"""AMBEV - FILIAL JAG""";2756;"""KRONENBIER LONG NECK """;73;2634,58
;251;261;08/06/2010;08/06/2010;167890;1;"""E""";261;"""AMBEV - FILIAL JAG""";6161;"""LIBER LONG NECK 355ML""";138;5288,15
;251;261;08/06/2010;08/06/2010;167891;1;"""E""";261;"""AMBEV - FILIAL JAG""";2750;"""ANTARCTICA PILSEN LON""";425;11263,99
;251;261;08/06/2010;08/06/2010;167891;1;"""E""";261;"""AMBEV - FILIAL JAG""";3735;"""BOHEMIA NOVA EMBALAGE""";198;5891,69
;251;261;08/06/2010;08/06/2010;167891;1;"""E""";261;"""AMBEV - FILIAL JAG""";5018;"""SKOL BEATS LONG NECK """;410;14844,91
;251;776;01/06/2010;01/06/2010;25154;1;"""E""";776;"""FILIAL GOIANIA    """;988;"""BRAHMA CHOPP 600ML   """;1624;36822,58
;251;776;01/06/2010;01/06/2010;25155;1;"""E""";776;"""FILIAL GOIANIA    """;988;"""BRAHMA CHOPP 600ML   """;1896;43019,48
;251;776;01/06/2010;01/06/2010;25164;1;"""E""";776;"""FILIAL GOIANIA    """;988;"""BRAHMA CHOPP 600ML   """;1896;43019,48
;251;776;01/06/2010;01/06/2010;25168;1;"""E""";776;"""FILIAL GOIANIA    """;1388;"""SKOL GFA VD 1L 2,99  """;500;12586,05
;251;776;01/06/2010;01/06/2010;25168;1;"""E""";776;"""FILIAL GOIANIA    """;10307;"""SKOL 360 GFA VD 1L   """;500;11299,15
;251;776;01/06/2010;01/06/2010;25171;1;"""E""";776;"""FILIAL GOIANIA    """;988;"""BRAHMA CHOPP 600ML   """;1896;43019,48
;251;776;01/06/2010;01/06/2010;25184;1;"""E""";776;"""FILIAL GOIANIA    """;1388;"""SKOL GFA VD 1L 2,99  """;1000;25172,1
;251;776;01/06/2010;01/06/2010;25186;1;"""E""";776;"""FILIAL GOIANIA    """;828;"""CHOPP BRAHMA CLARO BA""";1920;6368,64
;251;776;01/06/2010;01/06/2010;25186;1;"""E""";776;"""FILIAL GOIANIA    """;838;"""CHOPP BRAHMA CLARO BA""";5600;18692,24
;251;776;01/06/2010;01/06/2010;25189;1;"""E""";776;"""FILIAL GOIANIA    """;988;"""BRAHMA CHOPP 600ML   """;1896;43019,48
;251;776;01/06/2010;01/06/2010;25191;1;"""E""";776;"""FILIAL GOIANIA    """;1388;"""SKOL GFA VD 1L 2,99  """;1000;25172,1
;251;776;02/06/2010;02/06/2010;25201;1;"""E""";776;"""FILIAL GOIANIA    """;1388;"""SKOL GFA VD 1L 2,99  """;1000;25172,1
;251;776;02/06/2010;02/06/2010;25202;1;"""E""";776;"""FILIAL GOIANIA    """;2538;"""ANTARCTICA PILSEN 600""";1952;46206,77
;251;776;02/06/2010;02/06/2010;25203;1;"""E""";776;"""FILIAL GOIANIA    """;988;"""BRAHMA CHOPP 600ML   """;1896;43019,48
;251;776;02/06/2010;02/06/2010;25214;1;"""E""";776;"""FILIAL GOIANIA    """;988;"""BRAHMA CHOPP 600ML   """;1886;42792,59
;251;776;02/06/2010;02/06/2010;25215;1;"""E""";776;"""FILIAL GOIANIA    """;988;"""BRAHMA CHOPP 600ML   """;1896;43019,48
;251;776;02/06/2010;02/06/2010;25219;1;"""E""";776;"""FILIAL GOIANIA    """;2538;"""ANTARCTICA PILSEN 600""";1942;45970,05
;251;776;02/06/2010;02/06/2010;25238;1;"""E""";776;"""FILIAL GOIANIA    """;2538;"""ANTARCTICA PILSEN 600""";1674;39599,98
;251;776;02/06/2010;02/06/2010;25242;1;"""E""";776;"""FILIAL GOIANIA    """;838;"""CHOPP BRAHMA CLARO BA""";6400;21362,56
;251;776;02/06/2010;02/06/2010;25247;1;"""E""";776;"""FILIAL GOIANIA    """;1388;"""SKOL GFA VD 1L 2,99  """;1000;25172,1
;251;776;02/06/2010;02/06/2010;25252;1;"""E""";776;"""FILIAL GOIANIA    """;828;"""CHOPP BRAHMA CLARO BA""";1200;3980,4
;251;776;02/06/2010;02/06/2010;25252;1;"""E""";776;"""FILIAL GOIANIA    """;838;"""CHOPP BRAHMA CLARO BA""";4000;13351,6
;251;776;04/06/2010;04/06/2010;25263;1;"""E""";776;"""FILIAL GOIANIA    """;2538;"""ANTARCTICA PILSEN 600""";1952;46206,77
;251;776;04/06/2010;04/06/2010;25264;1;"""E""";776;"""FILIAL GOIANIA    """;988;"""BRAHMA CHOPP 600ML   """;1896;43019,48
;251;776;04/06/2010;04/06/2010;25265;1;"""E""";776;"""FILIAL GOIANIA    """;988;"""BRAHMA CHOPP 600ML   """;1896;43019,48
;251;776;04/06/2010;04/06/2010;25270;1;"""E""";776;"""FILIAL GOIANIA    """;982;"""SKOL 600ML           """;1912;48878,56
;251;776;04/06/2010;04/06/2010;25273;1;"""E""";776;"""FILIAL GOIANIA    """;2538;"""ANTARCTICA PILSEN 600""";1952;46206,77
;251;776;04/06/2010;04/06/2010;25284;1;"""E""";776;"""FILIAL GOIANIA    """;988;"""BRAHMA CHOPP 600ML   """;1896;43019,48
;251;776;04/06/2010;04/06/2010;25304;1;"""E""";776;"""FILIAL GOIANIA    """;1388;"""SKOL GFA VD 1L 2,99  """;1000;25172,1
;251;776;04/06/2010;04/06/2010;25305;1;"""E""";776;"""FILIAL GOIANIA    """;982;"""SKOL 600ML           """;1912;48878,56
;251;776;04/06/2010;04/06/2010;25311;1;"""E""";776;"""FILIAL GOIANIA    """;982;"""SKOL 600ML           """;1912;48878,57
;251;776;04/06/2010;04/06/2010;25312;1;"""E""";776;"""FILIAL GOIANIA    """;1388;"""SKOL GFA VD 1L 2,99  """;1200;30206,52
;251;776;04/06/2010;04/06/2010;25313;1;"""E""";776;"""FILIAL GOIANIA    """;828;"""CHOPP BRAHMA CLARO BA""";1920;6368,64
;251;776;04/06/2010;04/06/2010;25313;1;"""E""";776;"""FILIAL GOIANIA    """;838;"""CHOPP BRAHMA CLARO BA""";5600;18692,24
;251;776;04/06/2010;04/06/2010;25313;1;"""E""";776;"""FILIAL GOIANIA    """;860;"""CHOPP BRAHMA CLARO BA""";150;496,62
;251;776;04/06/2010;04/06/2010;25314;1;"""E""";776;"""FILIAL GOIANIA    """;2538;"""ANTARCTICA PILSEN 600""";1396;33023,63
;251;776;05/06/2010;05/06/2010;25325;1;"""E""";776;"""FILIAL GOIANIA    """;988;"""BRAHMA CHOPP 600ML   """;1896;43019,48
;251;776;05/06/2010;05/06/2010;25326;1;"""E""";776;"""FILIAL GOIANIA    """;1388;"""SKOL GFA VD 1L 2,99  """;1200;30206,52
;251;776;05/06/2010;05/06/2010;25329;1;"""E""";776;"""FILIAL GOIANIA    """;982;"""SKOL 600ML           """;1912;48878,56
;251;776;05/06/2010;05/06/2010;25333;1;"""E""";776;"""FILIAL GOIANIA    """;988;"""BRAHMA CHOPP 600ML   """;1896;43019,48
;251;776;05/06/2010;05/06/2010;25335;1;"""E""";776;"""FILIAL GOIANIA    """;988;"""BRAHMA CHOPP 600ML   """;1896;43019,48
;251;776;05/06/2010;05/06/2010;25336;1;"""E""";776;"""FILIAL GOIANIA    """;1388;"""SKOL GFA VD 1L 2,99  """;700;17620,47
;251;776;05/06/2010;05/06/2010;25336;1;"""E""";776;"""FILIAL GOIANIA    """;10307;"""SKOL 360 GFA VD 1L   """;500;11299,15
;251;776;05/06/2010;05/06/2010;25341;1;"""E""";776;"""FILIAL GOIANIA    """;982;"""SKOL 600ML           """;1912;48878,56
;251;776;05/06/2010;05/06/2010;25342;1;"""E""";776;"""FILIAL GOIANIA    """;982;"""SKOL 600ML           """;1912;48878,56
;251;776;05/06/2010;05/06/2010;25343;1;"""E""";776;"""FILIAL GOIANIA    """;982;"""SKOL 600ML           """;1894;48418,41
;251;776;05/06/2010;05/06/2010;25360;1;"""E""";776;"""FILIAL GOIANIA    """;982;"""SKOL 600ML           """;1912;48878,56
;251;776;05/06/2010;05/06/2010;25361;1;"""E""";776;"""FILIAL GOIANIA    """;982;"""SKOL 600ML           """;1366;34899,25
;251;776;05/06/2010;05/06/2010;25365;1;"""E""";776;"""FILIAL GOIANIA    """;982;"""SKOL 600ML           """;1912;48878,56
;251;776;07/06/2010;07/06/2010;25371;1;"""E""";776;"""FILIAL GOIANIA    """;2538;"""ANTARCTICA PILSEN 600""";1952;46206,77
;251;776;07/06/2010;07/06/2010;25377;1;"""E""";776;"""FILIAL GOIANIA    """;2538;"""ANTARCTICA PILSEN 600""";1952;46206,77
;251;776;07/06/2010;07/06/2010;25381;1;"""E""";776;"""FILIAL GOIANIA    """;2538;"""ANTARCTICA PILSEN 600""";1952;46206,77
;251;776;07/06/2010;07/06/2010;25383;1;"""E""";776;"""FILIAL GOIANIA    """;982;"""SKOL 600ML           """;1002;25615,23
;251;776;07/06/2010;07/06/2010;25385;1;"""E""";776;"""FILIAL GOIANIA    """;2538;"""ANTARCTICA PILSEN 600""";1952;46206,77
;251;776;07/06/2010;07/06/2010;25388;1;"""E""";776;"""FILIAL GOIANIA    """;982;"""SKOL 600ML           """;1912;48878,56
;251;776;07/06/2010;07/06/2010;25390;1;"""E""";776;"""FILIAL GOIANIA    """;1388;"""SKOL GFA VD 1L 2,99  """;1000;25172,1
;251;776;07/06/2010;07/06/2010;25405;1;"""E""";776;"""FILIAL GOIANIA    """;982;"""SKOL 600ML           """;1912;48878,56
;251;776;07/06/2010;07/06/2010;25411;1;"""E""";776;"""FILIAL GOIANIA    """;1388;"""SKOL GFA VD 1L 2,99  """;900;22654,89
;251;776;07/06/2010;07/06/2010;25411;1;"""E""";776;"""FILIAL GOIANIA    """;10307;"""SKOL 360 GFA VD 1L   """;100;2259,83
;251;776;07/06/2010;07/06/2010;25414;1;"""E""";776;"""FILIAL GOIANIA    """;2538;"""ANTARCTICA PILSEN 600""";1952;46206,77
;251;776;07/06/2010;07/06/2010;25416;1;"""E""";776;"""FILIAL GOIANIA    """;828;"""CHOPP BRAHMA CLARO BA""";960;3184,32
;251;776;07/06/2010;07/06/2010;25416;1;"""E""";776;"""FILIAL GOIANIA    """;838;"""CHOPP BRAHMA CLARO BA""";6400;21362,56
;251;776;08/06/2010;08/06/2010;25428;1;"""E""";776;"""FILIAL GOIANIA    """;982;"""SKOL 600ML           """;1912;48878,56
;251;776;08/06/2010;08/06/2010;25429;1;"""E""";776;"""FILIAL GOIANIA    """;982;"""SKOL 600ML           """;1912;48878,56
;251;776;08/06/2010;08/06/2010;25456;1;"""E""";776;"""FILIAL GOIANIA    """;1388;"""SKOL GFA VD 1L 2,99  """;1000;25172,1
;251;776;08/06/2010;08/06/2010;25457;1;"""E""";776;"""FILIAL GOIANIA    """;1388;"""SKOL GFA VD 1L 2,99  """;1000;25172,1
;251;776;08/06/2010;08/06/2010;25460;1;"""E""";776;"""FILIAL GOIANIA    """;982;"""SKOL 600ML           """;1912;48878,56
;251;776;08/06/2010;08/06/2010;25471;1;"""E""";776;"""FILIAL GOIANIA    """;828;"""CHOPP BRAHMA CLARO BA""";1920;6368,64
;251;776;08/06/2010;08/06/2010;25471;1;"""E""";776;"""FILIAL GOIANIA    """;838;"""CHOPP BRAHMA CLARO BA""";5600;18692,24
;251;776;09/06/2010;09/06/2010;25478;1;"""E""";776;"""FILIAL GOIANIA    """;988;"""BRAHMA CHOPP 600ML   """;1896;43019,48
;251;776;09/06/2010;09/06/2010;25479;1;"""E""";776;"""FILIAL GOIANIA    """;988;"""BRAHMA CHOPP 600ML   """;1896;43019,49
;251;776;09/06/2010;09/06/2010;25521;1;"""E""";776;"""FILIAL GOIANIA    """;988;"""BRAHMA CHOPP 600ML   """;1890;42883,35
;251;776;09/06/2010;09/06/2010;25540;1;"""E""";776;"""FILIAL GOIANIA    """;10307;"""SKOL 360 GFA VD 1L   """;1000;22598,29
;251;776;09/06/2010;09/06/2010;25545;1;"""E""";776;"""FILIAL GOIANIA    """;827;"""CHOPP BRAHMA ESCURO B""";1680;4951,13
;251;776;09/06/2010;09/06/2010;25545;1;"""E""";776;"""FILIAL GOIANIA    """;828;"""CHOPP BRAHMA CLARO BA""";1200;3980,4
;251;776;09/06/2010;09/06/2010;25545;1;"""E""";776;"""FILIAL GOIANIA    """;838;"""CHOPP BRAHMA CLARO BA""";4000;13351,6
;251;776;10/06/2010;10/06/2010;25549;1;"""E""";776;"""FILIAL GOIANIA    """;988;"""BRAHMA CHOPP 600ML   """;1896;43019,48
;251;776;10/06/2010;10/06/2010;25551;1;"""E""";776;"""FILIAL GOIANIA    """;988;"""BRAHMA CHOPP 600ML   """;1624;36822,58
;251;776;10/06/2010;10/06/2010;25556;1;"""E""";776;"""FILIAL GOIANIA    """;1388;"""SKOL GFA VD 1L 2,99  """;1000;25172,1
;251;776;10/06/2010;10/06/2010;25561;1;"""E""";776;"""FILIAL GOIANIA    """;1684;"""SKOL ONE WAY 1L CXPAP""";1000;30511,2
;251;776;10/06/2010;10/06/2010;25581;1;"""E""";776;"""FILIAL GOIANIA    """;838;"""CHOPP BRAHMA CLARO BA""";5600;18692,24
;251;776;10/06/2010;10/06/2010;25583;1;"""E""";776;"""FILIAL GOIANIA    """;1388;"""SKOL GFA VD 1L 2,99  """;900;22654,89
;251;776;10/06/2010;10/06/2010;25583;1;"""E""";776;"""FILIAL GOIANIA    """;10307;"""SKOL 360 GFA VD 1L   """;100;2259,83
;251;776;10/06/2010;10/06/2010;25599;1;"""E""";776;"""FILIAL GOIANIA    """;828;"""CHOPP BRAHMA CLARO BA""";1920;6368,64
;251;776;10/06/2010;10/06/2010;25599;1;"""E""";776;"""FILIAL GOIANIA    """;838;"""CHOPP BRAHMA CLARO BA""";5600;18692,24
;251;893;04/06/2010;04/06/2010;22993;1;"""E""";893;"""FILIAL BRASILIA   """;982;"""SKOL 600ML           """;1904;41090,8
;251;893;04/06/2010;04/06/2010;23006;1;"""E""";893;"""FILIAL BRASILIA   """;982;"""SKOL 600ML           """;1904;41090,8
;251;893;04/06/2010;04/06/2010;23007;1;"""E""";893;"""FILIAL BRASILIA   """;982;"""SKOL 600ML           """;1904;41090,8
;251;893;08/06/2010;08/06/2010;23135;1;"""E""";893;"""FILIAL BRASILIA   """;982;"""SKOL 600ML           """;1904;41090,8
;251;893;08/06/2010;08/06/2010;23142;1;"""E""";893;"""FILIAL BRASILIA   """;982;"""SKOL 600ML           """;1904;41090,79
;251;893;09/06/2010;09/06/2010;23160;1;"""E""";893;"""FILIAL BRASILIA   """;982;"""SKOL 600ML           """;1904;41090,81
;251;893;09/06/2010;09/06/2010;23182;1;"""E""";893;"""FILIAL BRASILIA   """;982;"""SKOL 600ML           """;1904;41090,8
;251;893;10/06/2010;10/06/2010;23200;1;"""E""";893;"""FILIAL BRASILIA   """;982;"""SKOL 600ML           """;1904;41090,8
;251;893;10/06/2010;10/06/2010;23210;1;"""E""";893;"""FILIAL BRASILIA   """;982;"""SKOL 600ML           """;1904;41090,8
;251;930;01/06/2010;01/06/2010;62604;1;"""E""";930;"""FILIAL CEBRASA    """;504;"""PEPSI COLA PET 2L CAI""";295;5344,52
;251;930;01/06/2010;01/06/2010;62604;1;"""E""";930;"""FILIAL CEBRASA    """;2349;"""GUARANA CHP ANTARCTIC""";1197;21816,52
;251;930;01/06/2010;01/06/2010;62612;1;"""E""";930;"""FILIAL CEBRASA    """;982;"""SKOL 600ML           """;1912;48688,51
;251;930;01/06/2010;01/06/2010;62613;1;"""E""";930;"""FILIAL CEBRASA    """;982;"""SKOL 600ML           """;1912;48688,51
;251;930;01/06/2010;01/06/2010;62623;1;"""E""";930;"""FILIAL CEBRASA    """;2350;"""SODA LIMONADA ANTARCT""";1402;22943,45
;251;930;01/06/2010;01/06/2010;62624;1;"""E""";930;"""FILIAL CEBRASA    """;982;"""SKOL 600ML           """;568;14463,95
;251;930;01/06/2010;01/06/2010;62624;1;"""E""";930;"""FILIAL CEBRASA    """;982;"""SKOL 600ML           """;1344;34224,56
;251;930;01/06/2010;01/06/2010;62625;1;"""E""";930;"""FILIAL CEBRASA    """;982;"""SKOL 600ML           """;232;5907,81
;251;930;01/06/2010;01/06/2010;62625;1;"""E""";930;"""FILIAL CEBRASA    """;982;"""SKOL 600ML           """;1680;42780,7
;251;930;01/06/2010;01/06/2010;62648;1;"""E""";930;"""FILIAL CEBRASA    """;982;"""SKOL 600ML           """;222;5653,16
;251;930;01/06/2010;01/06/2010;62648;1;"""E""";930;"""FILIAL CEBRASA    """;982;"""SKOL 600ML           """;1680;42780,7
;251;930;01/06/2010;01/06/2010;62649;1;"""E""";930;"""FILIAL CEBRASA    """;2538;"""ANTARCTICA PILSEN 600""";1950;45965,6
;251;930;01/06/2010;01/06/2010;62656;1;"""E""";930;"""FILIAL CEBRASA    """;2488;"""ANTARCTICA PILSEN LAT""";227;3393,6
;251;930;01/06/2010;01/06/2010;62656;1;"""E""";930;"""FILIAL CEBRASA    """;7605;"""SKOL LATA 350ML TWELV""";5170;80991,68
;251;930;01/06/2010;01/06/2010;62666;1;"""E""";930;"""FILIAL CEBRASA    """;7605;"""SKOL LATA 350ML TWELV""";4495;70417,32
;251;930;01/06/2010;01/06/2010;62669;1;"""E""";930;"""FILIAL CEBRASA    """;982;"""SKOL 600ML           """;232;5907,81
;251;930;01/06/2010;01/06/2010;62669;1;"""E""";930;"""FILIAL CEBRASA    """;982;"""SKOL 600ML           """;1680;42780,7
;251;930;01/06/2010;01/06/2010;62671;1;"""E""";930;"""FILIAL CEBRASA    """;503;"""SUKITA PET 2L CAIXA C""";575;9169,58
;251;930;01/06/2010;01/06/2010;62671;1;"""E""";930;"""FILIAL CEBRASA    """;8791;"""H2OH LIMAO C/GAS PET """;1110;17793,3
;251;930;01/06/2010;01/06/2010;62671;1;"""E""";930;"""FILIAL CEBRASA    """;2390;"""GUARANA CHP ANTARCTIC""";467;8244,93
;251;930;01/06/2010;01/06/2010;62679;1;"""E""";930;"""FILIAL CEBRASA    """;2538;"""ANTARCTICA PILSEN 600""";1952;46012,74
;251;930;01/06/2010;01/06/2010;62683;1;"""E""";930;"""FILIAL CEBRASA    """;982;"""SKOL 600ML           """;1912;48688,51
;251;930;01/06/2010;01/06/2010;62688;1;"""E""";930;"""FILIAL CEBRASA    """;982;"""SKOL 600ML           """;1912;48688,51
;251;930;01/06/2010;01/06/2010;62690;1;"""E""";930;"""FILIAL CEBRASA    """;2488;"""ANTARCTICA PILSEN LAT""";2269;33921,1
;251;930;01/06/2010;01/06/2010;62690;1;"""E""";930;"""FILIAL CEBRASA    """;7642;"""BRAHMA CHOPP LATA 350""";2022;28982,54
;251;930;01/06/2010;01/06/2010;62691;1;"""E""";930;"""FILIAL CEBRASA    """;2538;"""ANTARCTICA PILSEN 600""";1952;46012,74
;251;930;01/06/2010;01/06/2010;62693;1;"""E""";930;"""FILIAL CEBRASA    """;2538;"""ANTARCTICA PILSEN 600""";1672;39355,36
;251;930;01/06/2010;01/06/2010;62695;1;"""E""";930;"""FILIAL CEBRASA    """;10306;"""SKOL 360 600ML       """;2352;56280,77
;251;930;02/06/2010;02/06/2010;62717;1;"""E""";930;"""FILIAL CEBRASA    """;2349;"""GUARANA CHP ANTARCTIC""";1796;32733,9
;251;930;02/06/2010;02/06/2010;62718;1;"""E""";930;"""FILIAL CEBRASA    """;988;"""BRAHMA CHOPP 600ML   """;1886;42604,93
;251;930;02/06/2010;02/06/2010;62725;1;"""E""";930;"""FILIAL CEBRASA    """;988;"""BRAHMA CHOPP 600ML   """;1894;42785,65
;251;930;02/06/2010;02/06/2010;62736;1;"""E""";930;"""FILIAL CEBRASA    """;982;"""SKOL 600ML           """;232;5907,81
;251;930;02/06/2010;02/06/2010;62736;1;"""E""";930;"""FILIAL CEBRASA    """;982;"""SKOL 600ML           """;1680;42780,7
;251;930;02/06/2010;02/06/2010;62739;1;"""E""";930;"""FILIAL CEBRASA    """;3733;"""BOHEMIA NOVA EMBALAGE""";938;24400,1
;251;930;02/06/2010;02/06/2010;62739;1;"""E""";930;"""FILIAL CEBRASA    """;10306;"""SKOL 360 600ML       """;1176;28140,39
;251;930;02/06/2010;02/06/2010;62755;1;"""E""";930;"""FILIAL CEBRASA    """;503;"""SUKITA PET 2L CAIXA C""";720;11481,91
;251;930;02/06/2010;02/06/2010;62755;1;"""E""";930;"""FILIAL CEBRASA    """;504;"""PEPSI COLA PET 2L CAI""";740;13406,58
;251;930;02/06/2010;02/06/2010;62759;1;"""E""";930;"""FILIAL CEBRASA    """;2488;"""ANTARCTICA PILSEN LAT""";64;957,48
;251;930;02/06/2010;02/06/2010;62759;1;"""E""";930;"""FILIAL CEBRASA    """;2488;"""ANTARCTICA PILSEN LAT""";1753;26225,93
;251;930;02/06/2010;02/06/2010;62759;1;"""E""";930;"""FILIAL CEBRASA    """;7642;"""BRAHMA CHOPP LATA 350""";4048;58066,13
;251;930;02/06/2010;02/06/2010;62760;1;"""E""";930;"""FILIAL CEBRASA    """;982;"""SKOL 600ML           """;1912;48688,51
;251;930;02/06/2010;02/06/2010;62789;1;"""E""";930;"""FILIAL CEBRASA    """;982;"""SKOL 600ML           """;1912;48688,51
;251;930;02/06/2010;02/06/2010;62794;1;"""E""";930;"""FILIAL CEBRASA    """;2231;"""GUARANA CHP ANTARCTIC""";766;4889,45
;251;930;02/06/2010;02/06/2010;62794;1;"""E""";930;"""FILIAL CEBRASA    """;9083;"""SKOL LATA 473ML SH C/""";2026;41804,28
;251;930;02/06/2010;02/06/2010;62798;1;"""E""";930;"""FILIAL CEBRASA    """;2390;"""GUARANA CHP ANTARCTIC""";350;6179,29
;251;930;02/06/2010;02/06/2010;62799;1;"""E""";930;"""FILIAL CEBRASA    """;2349;"""GUARANA CHP ANTARCTIC""";675;12302,55
;251;930;02/06/2010;02/06/2010;62799;1;"""E""";930;"""FILIAL CEBRASA    """;7947;"""GUARANA CHP ANTARCTIC""";188;3291,15
;251;930;02/06/2010;02/06/2010;62799;1;"""E""";930;"""FILIAL CEBRASA    """;2392;"""GUARANA CHP ANTARCTIC""";234;4131,29
;251;930;02/06/2010;02/06/2010;62799;1;"""E""";930;"""FILIAL CEBRASA    """;10028;"""SUKITA PET 237ML SHRI""";288;2089,18
;251;930;02/06/2010;02/06/2010;62799;1;"""E""";930;"""FILIAL CEBRASA    """;10032;"""PEPSI COLA PET 237ML """;288;2057,27
;251;930;02/06/2010;02/06/2010;62802;1;"""E""";930;"""FILIAL CEBRASA    """;982;"""SKOL 600ML           """;1912;48688,51
;251;930;02/06/2010;02/06/2010;62803;1;"""E""";930;"""FILIAL CEBRASA    """;2349;"""GUARANA CHP ANTARCTIC""";1797;32752,12
;251;930;02/06/2010;02/06/2010;62804;1;"""E""";930;"""FILIAL CEBRASA    """;982;"""SKOL 600ML           """;1912;48688,51
;251;930;02/06/2010;02/06/2010;62810;1;"""E""";930;"""FILIAL CEBRASA    """;2538;"""ANTARCTICA PILSEN 600""";1952;46012,74
;251;930;03/06/2010;03/06/2010;62820;1;"""E""";930;"""FILIAL CEBRASA    """;7945;"""PEPSI COLA PET 2,5L C""";398;6246,93
;251;930;03/06/2010;03/06/2010;62820;1;"""E""";930;"""FILIAL CEBRASA    """;7947;"""GUARANA CHP ANTARCTIC""";565;9890,95
;251;930;03/06/2010;03/06/2010;62823;1;"""E""";930;"""FILIAL CEBRASA    """;2350;"""SODA LIMONADA ANTARCT""";982;16070,23
;251;930;03/06/2010;03/06/2010;62823;1;"""E""";930;"""FILIAL CEBRASA    """;2353;"""GUARANA CHP ANTARCTIC""";749;13643,04
;251;930;03/06/2010;03/06/2010;62832;1;"""E""";930;"""FILIAL CEBRASA    """;10306;"""SKOL 360 600ML       """;2352;56280,77
;251;930;03/06/2010;03/06/2010;62838;1;"""E""";930;"""FILIAL CEBRASA    """;2538;"""ANTARCTICA PILSEN 600""";1950;45965,6
;251;930;03/06/2010;03/06/2010;62850;1;"""E""";930;"""FILIAL CEBRASA    """;982;"""SKOL 600ML           """;1912;48688,51
;251;930;03/06/2010;03/06/2010;62854;1;"""E""";930;"""FILIAL CEBRASA    """;982;"""SKOL 600ML           """;1912;48688,51
;251;930;03/06/2010;03/06/2010;62861;1;"""E""";930;"""FILIAL CEBRASA    """;982;"""SKOL 600ML           """;1912;48688,5
;251;930;03/06/2010;03/06/2010;62862;1;"""E""";930;"""FILIAL CEBRASA    """;2277;"""GUARANA CHP ANTARCTIC""";741;9321,04
;251;930;03/06/2010;03/06/2010;62863;1;"""E""";930;"""FILIAL CEBRASA    """;2349;"""GUARANA CHP ANTARCTIC""";522;9513,97
;251;930;03/06/2010;03/06/2010;62863;1;"""E""";930;"""FILIAL CEBRASA    """;2942;"""GUARANA CHP ANTARCTIC""";961;12524,52
;251;930;03/06/2010;03/06/2010;62863;1;"""E""";930;"""FILIAL CEBRASA    """;2686;"""SODA LIMONADA ANTARCT""";484;6239,87
;251;930;03/06/2010;03/06/2010;62863;1;"""E""";930;"""FILIAL CEBRASA    """;2705;"""TONICA ANTARCTICA DIE""";496;6030,22
;251;930;03/06/2010;03/06/2010;62863;1;"""E""";930;"""FILIAL CEBRASA    """;7702;"""PEPSI COLA LIGHT LATA""";496;6085,77
;251;930;03/06/2010;03/06/2010;62866;1;"""E""";930;"""FILIAL CEBRASA    """;982;"""SKOL 600ML           """;1912;48688,51
;251;930;03/06/2010;03/06/2010;62867;1;"""E""";930;"""FILIAL CEBRASA    """;2488;"""ANTARCTICA PILSEN LAT""";1362;20376,34
;251;930;03/06/2010;03/06/2010;62867;1;"""E""";930;"""FILIAL CEBRASA    """;7642;"""BRAHMA CHOPP LATA 350""";4452;63861,27
;251;930;03/06/2010;03/06/2010;62869;1;"""E""";930;"""FILIAL CEBRASA    """;7605;"""SKOL LATA 350ML TWELV""";6293;98652,22
;251;930;03/06/2010;03/06/2010;62870;1;"""E""";930;"""FILIAL CEBRASA    """;2231;"""GUARANA CHP ANTARCTIC""";384;2451,1
;251;930;03/06/2010;03/06/2010;62871;1;"""E""";930;"""FILIAL CEBRASA    """;576;"""SUKITA 290ML         """;94;580,93
;251;930;03/06/2010;03/06/2010;62871;1;"""E""";930;"""FILIAL CEBRASA    """;971;"""CARACU 300ML         """;122;1793,14
;251;930;03/06/2010;03/06/2010;62871;1;"""E""";930;"""FILIAL CEBRASA    """;8411;"""GUARANA CHP ANTARCTIC""";1025;14128,4
;251;930;03/06/2010;03/06/2010;62872;1;"""E""";930;"""FILIAL CEBRASA    """;10309;"""SKOL 360 LATA 350ML S""";5720;76557,05
;251;930;03/06/2010;03/06/2010;62873;1;"""E""";930;"""FILIAL CEBRASA    """;988;"""BRAHMA CHOPP 600ML   """;1890;42695,29
;251;930;03/06/2010;03/06/2010;62875;1;"""E""";930;"""FILIAL CEBRASA    """;2349;"""GUARANA CHP ANTARCTIC""";899;16385,17
;251;930;03/06/2010;03/06/2010;62875;1;"""E""";930;"""FILIAL CEBRASA    """;10309;"""SKOL 360 LATA 350ML S""";2288;30622,83
;251;930;04/06/2010;04/06/2010;62891;1;"""E""";930;"""FILIAL CEBRASA    """;2349;"""GUARANA CHP ANTARCTIC""";1797;32752,12
;251;930;04/06/2010;04/06/2010;62905;1;"""E""";930;"""FILIAL CEBRASA    """;7605;"""SKOL LATA 350ML TWELV""";6295;98683,57
;251;930;04/06/2010;04/06/2010;62922;1;"""E""";930;"""FILIAL CEBRASA    """;8791;"""H2OH LIMAO C/GAS PET """;832;13336,96
;251;930;04/06/2010;04/06/2010;62922;1;"""E""";930;"""FILIAL CEBRASA    """;8793;"""H2OH LIMAO C/GAS PET """;578;7619,02
;251;930;04/06/2010;04/06/2010;62923;1;"""E""";930;"""FILIAL CEBRASA    """;1172;"""H2OH LIMAO/MACA C/GAS""";278;4456,34
;251;930;04/06/2010;04/06/2010;62923;1;"""E""";930;"""FILIAL CEBRASA    """;2349;"""GUARANA CHP ANTARCTIC""";225;4100,85
;251;930;04/06/2010;04/06/2010;62923;1;"""E""";930;"""FILIAL CEBRASA    """;2390;"""GUARANA CHP ANTARCTIC""";350;6179,29
;251;930;04/06/2010;04/06/2010;62927;1;"""E""";930;"""FILIAL CEBRASA    """;503;"""SUKITA PET 2L CAIXA C""";719;11465,96
;251;930;04/06/2010;04/06/2010;62927;1;"""E""";930;"""FILIAL CEBRASA    """;504;"""PEPSI COLA PET 2L CAI""";739;13388,46
;251;930;04/06/2010;04/06/2010;62927;1;"""E""";930;"""FILIAL CEBRASA    """;4409;"""PEPSI TWIST PET 2L SH""";322;5355,15
;251;930;04/06/2010;04/06/2010;62932;1;"""E""";930;"""FILIAL CEBRASA    """;7642;"""BRAHMA CHOPP LATA 350""";5667;81289,71
;251;930;04/06/2010;04/06/2010;62970;1;"""E""";930;"""FILIAL CEBRASA    """;2538;"""ANTARCTICA PILSEN 600""";1952;46012,74
;251;930;04/06/2010;04/06/2010;62978;1;"""E""";930;"""FILIAL CEBRASA    """;7605;"""SKOL LATA 350ML TWELV""";4047;63399,09
;251;930;04/06/2010;04/06/2010;62978;1;"""E""";930;"""FILIAL CEBRASA    """;9083;"""SKOL LATA 473ML SH C/""";1013;20902,14
;251;930;05/06/2010;05/06/2010;62990;1;"""E""";930;"""FILIAL CEBRASA    """;9083;"""SKOL LATA 473ML SH C/""";3376;69660,05
;251;930;05/06/2010;05/06/2010;62996;1;"""E""";930;"""FILIAL CEBRASA    """;2538;"""ANTARCTICA PILSEN 600""";1952;46012,74
;251;930;05/06/2010;05/06/2010;63010;1;"""E""";930;"""FILIAL CEBRASA    """;2538;"""ANTARCTICA PILSEN 600""";1952;46012,74
;251;930;05/06/2010;05/06/2010;63017;1;"""E""";930;"""FILIAL CEBRASA    """;2538;"""ANTARCTICA PILSEN 600""";1948;45918,45
;251;930;05/06/2010;05/06/2010;63045;1;"""E""";930;"""FILIAL CEBRASA    """;7605;"""SKOL LATA 350ML TWELV""";692;10840,66
;251;930;05/06/2010;05/06/2010;63045;1;"""E""";930;"""FILIAL CEBRASA    """;7605;"""SKOL LATA 350ML TWELV""";1107;17341,93
;251;930;05/06/2010;05/06/2010;63045;1;"""E""";930;"""FILIAL CEBRASA    """;3730;"""BOHEMIA NOVA EMBALAGE""";286;5197,96
;251;930;05/06/2010;05/06/2010;63045;1;"""E""";930;"""FILIAL CEBRASA    """;3730;"""BOHEMIA NOVA EMBALAGE""";1094;19883,12
;251;930;05/06/2010;05/06/2010;63046;1;"""E""";930;"""FILIAL CEBRASA    """;2488;"""ANTARCTICA PILSEN LAT""";1361;20346,68
;251;930;05/06/2010;05/06/2010;63064;1;"""E""";930;"""FILIAL CEBRASA    """;2777;"""GUARANA CHP ANTARCTIC""";1778;16901,67
;251;930;05/06/2010;05/06/2010;63064;1;"""E""";930;"""FILIAL CEBRASA    """;2942;"""GUARANA CHP ANTARCTIC""";481;6268,78
;251;930;05/06/2010;05/06/2010;63064;1;"""E""";930;"""FILIAL CEBRASA    """;2707;"""TONICA ANTARCTICA LAT""";963;12196,88
;251;930;05/06/2010;05/06/2010;63065;1;"""E""";930;"""FILIAL CEBRASA    """;2390;"""GUARANA CHP ANTARCTIC""";234;4131,29
;251;930;05/06/2010;05/06/2010;63065;1;"""E""";930;"""FILIAL CEBRASA    """;498;"""PEPSI COLA PET 600ML """;234;4105,18
;251;930;05/06/2010;05/06/2010;63065;1;"""E""";930;"""FILIAL CEBRASA    """;10028;"""SUKITA PET 237ML SHRI""";576;4178,36
;251;930;07/06/2010;07/06/2010;63085;1;"""E""";930;"""FILIAL CEBRASA    """;7605;"""SKOL LATA 350ML TWELV""";4494;70401,66
;251;930;05/06/2010;05/06/2010;63089;1;"""E""";930;"""FILIAL CEBRASA    """;503;"""SUKITA PET 2L CAIXA C""";288;4592,76
;251;930;05/06/2010;05/06/2010;63090;1;"""E""";930;"""FILIAL CEBRASA    """;504;"""PEPSI COLA PET 2L CAI""";296;5362,63
;251;930;05/06/2010;05/06/2010;63090;1;"""E""";930;"""FILIAL CEBRASA    """;1166;"""SUKITA UVA PET 2L CAI""";320;4553,31
;251;930;05/06/2010;05/06/2010;63090;1;"""E""";930;"""FILIAL CEBRASA    """;2349;"""GUARANA CHP ANTARCTIC""";596;10862,7
;251;930;07/06/2010;07/06/2010;63103;1;"""E""";930;"""FILIAL CEBRASA    """;503;"""SUKITA PET 2L CAIXA C""";720;11481,91
;251;930;07/06/2010;07/06/2010;63103;1;"""E""";930;"""FILIAL CEBRASA    """;504;"""PEPSI COLA PET 2L CAI""";591;10707,15
;251;930;07/06/2010;07/06/2010;63103;1;"""E""";930;"""FILIAL CEBRASA    """;1166;"""SUKITA UVA PET 2L CAI""";479;6815,74
;251;930;07/06/2010;07/06/2010;63109;1;"""E""";930;"""FILIAL CEBRASA    """;988;"""BRAHMA CHOPP 600ML   """;1894;42785,65
;251;930;07/06/2010;07/06/2010;63113;1;"""E""";930;"""FILIAL CEBRASA    """;2546;"""ORIGINAL 600ML       """;984;29288,56
;251;930;07/06/2010;07/06/2010;63113;1;"""E""";930;"""FILIAL CEBRASA    """;3733;"""BOHEMIA NOVA EMBALAGE""";938;24400,1
;251;930;07/06/2010;07/06/2010;63116;1;"""E""";930;"""FILIAL CEBRASA    """;982;"""SKOL 600ML           """;1912;48688,51
;251;930;07/06/2010;07/06/2010;63124;1;"""E""";930;"""FILIAL CEBRASA    """;576;"""SUKITA 290ML         """;96;593,29
;251;930;07/06/2010;07/06/2010;63124;1;"""E""";930;"""FILIAL CEBRASA    """;2237;"""TONICA ANTARCTICA 290""";194;1121,96
;251;930;07/06/2010;07/06/2010;63124;1;"""E""";930;"""FILIAL CEBRASA    """;2595;"""GUARANA CHP ANTARCTIC""";198;1210,49
;251;930;07/06/2010;07/06/2010;63125;1;"""E""";930;"""FILIAL CEBRASA    """;909;"""PEPSI COLA 284ML     """;292;1719,5
;251;930;07/06/2010;07/06/2010;63125;1;"""E""";930;"""FILIAL CEBRASA    """;971;"""CARACU 300ML         """;482;7084,39
;251;930;07/06/2010;07/06/2010;63125;1;"""E""";930;"""FILIAL CEBRASA    """;2231;"""GUARANA CHP ANTARCTIC""";766;4889,45
;251;930;07/06/2010;07/06/2010;63135;1;"""E""";930;"""FILIAL CEBRASA    """;2349;"""GUARANA CHP ANTARCTIC""";1796;32733,9
;251;930;07/06/2010;07/06/2010;63142;1;"""E""";930;"""FILIAL CEBRASA    """;988;"""BRAHMA CHOPP 600ML   """;1894;42785,65
;251;930;07/06/2010;07/06/2010;63147;1;"""E""";930;"""FILIAL CEBRASA    """;7605;"""SKOL LATA 350ML TWELV""";4494;70401,66
;251;930;07/06/2010;07/06/2010;63172;1;"""E""";930;"""FILIAL CEBRASA    """;1168;"""GUARAH GUARANA ANTARC""";142;2203,23
;251;930;07/06/2010;07/06/2010;63172;1;"""E""";930;"""FILIAL CEBRASA    """;8793;"""H2OH LIMAO C/GAS PET """;385;5074,95
;251;930;07/06/2010;07/06/2010;63173;1;"""E""";930;"""FILIAL CEBRASA    """;1172;"""H2OH LIMAO/MACA C/GAS""";277;4440,31
;251;930;07/06/2010;07/06/2010;63173;1;"""E""";930;"""FILIAL CEBRASA    """;1822;"""H2OH LIMAO MARACUJA C""";277;4440,31
;251;930;07/06/2010;07/06/2010;63173;1;"""E""";930;"""FILIAL CEBRASA    """;8791;"""H2OH LIMAO C/GAS PET """;1525;24445,75
;251;930;07/06/2010;07/06/2010;63175;1;"""E""";930;"""FILIAL CEBRASA    """;982;"""SKOL 600ML           """;1912;48688,51
;251;930;07/06/2010;07/06/2010;63189;1;"""E""";930;"""FILIAL CEBRASA    """;988;"""BRAHMA CHOPP 600ML   """;1894;42785,65
;251;930;07/06/2010;07/06/2010;63191;1;"""E""";930;"""FILIAL CEBRASA    """;7605;"""SKOL LATA 350ML TWELV""";900;14099,13
;251;930;07/06/2010;07/06/2010;63191;1;"""E""";930;"""FILIAL CEBRASA    """;7642;"""BRAHMA CHOPP LATA 350""";3236;46383,53
;251;930;07/06/2010;07/06/2010;63194;1;"""E""";930;"""FILIAL CEBRASA    """;982;"""SKOL 600ML           """;1638;41655,16
;251;930;07/06/2010;07/06/2010;63197;1;"""E""";930;"""FILIAL CEBRASA    """;988;"""BRAHMA CHOPP 600ML   """;1894;42785,65
;251;930;08/06/2010;08/06/2010;63222;1;"""E""";930;"""FILIAL CEBRASA    """;7642;"""BRAHMA CHOPP LATA 350""";404;5790,77
;251;930;08/06/2010;08/06/2010;63222;1;"""E""";930;"""FILIAL CEBRASA    """;2942;"""GUARANA CHP ANTARCTIC""";1922;25049,04
;251;930;08/06/2010;08/06/2010;63222;1;"""E""";930;"""FILIAL CEBRASA    """;2707;"""TONICA ANTARCTICA LAT""";481;6092,11
;251;930;08/06/2010;08/06/2010;63223;1;"""E""";930;"""FILIAL CEBRASA    """;2277;"""GUARANA CHP ANTARCTIC""";494;6214,03
;251;930;08/06/2010;08/06/2010;63223;1;"""E""";930;"""FILIAL CEBRASA    """;7700;"""SUKITA LATA 350ML TWE""";725;9407,09
;251;930;08/06/2010;08/06/2010;63223;1;"""E""";930;"""FILIAL CEBRASA    """;7699;"""PEPSI COLA LATA 350ML""";711;9253,74
;251;930;08/06/2010;08/06/2010;63235;1;"""E""";930;"""FILIAL CEBRASA    """;2538;"""ANTARCTICA PILSEN 600""";1952;46012,74
;251;930;08/06/2010;08/06/2010;63237;1;"""E""";930;"""FILIAL CEBRASA    """;2538;"""ANTARCTICA PILSEN 600""";1952;46012,74
;251;930;08/06/2010;08/06/2010;63241;1;"""E""";930;"""FILIAL CEBRASA    """;2538;"""ANTARCTICA PILSEN 600""";1952;46012,74
;251;930;08/06/2010;08/06/2010;63246;1;"""E""";930;"""FILIAL CEBRASA    """;7605;"""SKOL LATA 350ML TWELV""";4496;70432,99
;251;930;08/06/2010;08/06/2010;63247;1;"""E""";930;"""FILIAL CEBRASA    """;2488;"""ANTARCTICA PILSEN LAT""";1816;27148,84
;251;930;08/06/2010;08/06/2010;63247;1;"""E""";930;"""FILIAL CEBRASA    """;7642;"""BRAHMA CHOPP LATA 350""";2428;34801,98
;251;930;08/06/2010;08/06/2010;63253;1;"""E""";930;"""FILIAL CEBRASA    """;988;"""BRAHMA CHOPP 600ML   """;1894;42785,65
;251;930;08/06/2010;08/06/2010;63257;1;"""E""";930;"""FILIAL CEBRASA    """;988;"""BRAHMA CHOPP 600ML   """;1624;36630,94
;251;930;08/06/2010;08/06/2010;63261;1;"""E""";930;"""FILIAL CEBRASA    """;2538;"""ANTARCTICA PILSEN 600""";1952;46012,74
;251;930;08/06/2010;08/06/2010;63262;1;"""E""";930;"""FILIAL CEBRASA    """;2390;"""GUARANA CHP ANTARCTIC""";1284;22669,15
;251;930;08/06/2010;08/06/2010;63263;1;"""E""";930;"""FILIAL CEBRASA    """;7947;"""GUARANA CHP ANTARCTIC""";188;3291,15
;251;930;08/06/2010;08/06/2010;63263;1;"""E""";930;"""FILIAL CEBRASA    """;2392;"""GUARANA CHP ANTARCTIC""";233;4113,64
;251;930;08/06/2010;08/06/2010;63263;1;"""E""";930;"""FILIAL CEBRASA    """;686;"""SUKITA PET 600ML CAIX""";351;6172,83
;251;930;08/06/2010;08/06/2010;63284;1;"""E""";930;"""FILIAL CEBRASA    """;2546;"""ORIGINAL 600ML       """;986;29348,09
;251;930;08/06/2010;08/06/2010;63284;1;"""E""";930;"""FILIAL CEBRASA    """;3733;"""BOHEMIA NOVA EMBALAGE""";940;24452,13
;251;930;08/06/2010;08/06/2010;63306;1;"""E""";930;"""FILIAL CEBRASA    """;503;"""SUKITA PET 2L CAIXA C""";288;4592,76
;251;930;08/06/2010;08/06/2010;63306;1;"""E""";930;"""FILIAL CEBRASA    """;504;"""PEPSI COLA PET 2L CAI""";296;5362,63
;251;930;08/06/2010;08/06/2010;63306;1;"""E""";930;"""FILIAL CEBRASA    """;2349;"""GUARANA CHP ANTARCTIC""";1198;21834,75
;251;930;08/06/2010;08/06/2010;63311;1;"""E""";930;"""FILIAL CEBRASA    """;988;"""BRAHMA CHOPP 600ML   """;1894;42785,65
;251;930;08/06/2010;08/06/2010;63312;1;"""E""";930;"""FILIAL CEBRASA    """;2488;"""ANTARCTICA PILSEN LAT""";1816;27148,84
;251;930;08/06/2010;08/06/2010;63312;1;"""E""";930;"""FILIAL CEBRASA    """;9083;"""SKOL LATA 473ML SH C/""";1013;20902,14
;251;930;08/06/2010;08/06/2010;63312;1;"""E""";930;"""FILIAL CEBRASA    """;10309;"""SKOL 360 LATA 350ML S""";1716;22967,12
;251;930;08/06/2010;08/06/2010;63314;1;"""E""";930;"""FILIAL CEBRASA    """;7605;"""SKOL LATA 350ML TWELV""";1799;28182,59
;251;930;08/06/2010;08/06/2010;63314;1;"""E""";930;"""FILIAL CEBRASA    """;10309;"""SKOL 360 LATA 350ML S""";3432;45934,23
;251;930;08/06/2010;08/06/2010;63322;1;"""E""";930;"""FILIAL CEBRASA    """;2538;"""ANTARCTICA PILSEN 600""";1952;46012,74
;251;930;09/06/2010;09/06/2010;63345;1;"""E""";930;"""FILIAL CEBRASA    """;2349;"""GUARANA CHP ANTARCTIC""";1795;32715,67
;251;930;09/06/2010;09/06/2010;63368;1;"""E""";930;"""FILIAL CEBRASA    """;2942;"""GUARANA CHP ANTARCTIC""";1681;21908,14
;251;930;09/06/2010;09/06/2010;63368;1;"""E""";930;"""FILIAL CEBRASA    """;7699;"""PEPSI COLA LATA 350ML""";712;9266,75
;251;930;09/06/2010;09/06/2010;63369;1;"""E""";930;"""FILIAL CEBRASA    """;2686;"""SODA LIMONADA ANTARCT""";727;9372,7
;251;930;09/06/2010;09/06/2010;63369;1;"""E""";930;"""FILIAL CEBRASA    """;7700;"""SUKITA LATA 350ML TWE""";724;9394,12
;251;930;09/06/2010;09/06/2010;63369;1;"""E""";930;"""FILIAL CEBRASA    """;2707;"""TONICA ANTARCTICA LAT""";963;12196,88
;251;930;09/06/2010;09/06/2010;63370;1;"""E""";930;"""FILIAL CEBRASA    """;982;"""SKOL 600ML           """;1912;48688,51
;251;930;09/06/2010;09/06/2010;63375;1;"""E""";930;"""FILIAL CEBRASA    """;2538;"""ANTARCTICA PILSEN 600""";1952;46012,74
;251;930;09/06/2010;09/06/2010;63382;1;"""E""";930;"""FILIAL CEBRASA    """;7605;"""SKOL LATA 350ML TWELV""";4494;70401,66
;251;930;09/06/2010;09/06/2010;63387;1;"""E""";930;"""FILIAL CEBRASA    """;982;"""SKOL 600ML           """;1008;25668,42
;251;930;09/06/2010;09/06/2010;63387;1;"""E""";930;"""FILIAL CEBRASA    """;982;"""SKOL 600ML           """;904;23020,09
;251;930;09/06/2010;09/06/2010;63389;1;"""E""";930;"""FILIAL CEBRASA    """;2538;"""ANTARCTICA PILSEN 600""";1952;46012,74
;251;930;09/06/2010;09/06/2010;63403;1;"""E""";930;"""FILIAL CEBRASA    """;7945;"""PEPSI COLA PET 2,5L C""";299;4693,04
;251;930;09/06/2010;09/06/2010;63403;1;"""E""";930;"""FILIAL CEBRASA    """;7947;"""GUARANA CHP ANTARCTIC""";660;11554,03
;251;930;09/06/2010;09/06/2010;63417;1;"""E""";930;"""FILIAL CEBRASA    """;503;"""SUKITA PET 2L CAIXA C""";1294;20635,55
;251;930;09/06/2010;09/06/2010;63417;1;"""E""";930;"""FILIAL CEBRASA    """;504;"""PEPSI COLA PET 2L CAI""";444;8043,95
;251;930;09/06/2010;09/06/2010;63423;1;"""E""";930;"""FILIAL CEBRASA    """;504;"""PEPSI COLA PET 2L CAI""";1479;26795,04
;251;930;09/06/2010;09/06/2010;63429;1;"""E""";930;"""FILIAL CEBRASA    """;2488;"""ANTARCTICA PILSEN LAT""";1815;27133,89
;251;930;09/06/2010;09/06/2010;63429;1;"""E""";930;"""FILIAL CEBRASA    """;7605;"""SKOL LATA 350ML TWELV""";2698;42266,06
;251;930;09/06/2010;09/06/2010;63435;1;"""E""";930;"""FILIAL CEBRASA    """;982;"""SKOL 600ML           """;232;5907,81
;251;930;09/06/2010;09/06/2010;63435;1;"""E""";930;"""FILIAL CEBRASA    """;982;"""SKOL 600ML           """;1680;42780,7
;251;930;09/06/2010;09/06/2010;63439;1;"""E""";930;"""FILIAL CEBRASA    """;982;"""SKOL 600ML           """;1912;48688,5
;251;930;09/06/2010;09/06/2010;63446;1;"""E""";930;"""FILIAL CEBRASA    """;2231;"""GUARANA CHP ANTARCTIC""";768;4902,22
;251;930;09/06/2010;09/06/2010;63446;1;"""E""";930;"""FILIAL CEBRASA    """;7945;"""PEPSI COLA PET 2,5L C""";199;3123,46
;251;930;09/06/2010;09/06/2010;63446;1;"""E""";930;"""FILIAL CEBRASA    """;7947;"""GUARANA CHP ANTARCTIC""";377;6599,8
;251;930;09/06/2010;09/06/2010;63447;1;"""E""";930;"""FILIAL CEBRASA    """;2538;"""ANTARCTICA PILSEN 600""";954;22487,78
;251;930;09/06/2010;09/06/2010;63447;1;"""E""";930;"""FILIAL CEBRASA    """;2538;"""ANTARCTICA PILSEN 600""";986;23242,09
;251;930;09/06/2010;09/06/2010;63454;1;"""E""";930;"""FILIAL CEBRASA    """;2538;"""ANTARCTICA PILSEN 600""";1672;39355,37
;251;930;09/06/2010;09/06/2010;63459;1;"""E""";930;"""FILIAL CEBRASA    """;2942;"""GUARANA CHP ANTARCTIC""";4805;62622,6
;251;930;10/06/2010;10/06/2010;63479;1;"""E""";930;"""FILIAL CEBRASA    """;988;"""BRAHMA CHOPP 600ML   """;1894;42785,65
;251;930;10/06/2010;10/06/2010;63483;1;"""E""";930;"""FILIAL CEBRASA    """;988;"""BRAHMA CHOPP 600ML   """;1894;42785,65
;251;930;10/06/2010;10/06/2010;63491;1;"""E""";930;"""FILIAL CEBRASA    """;982;"""SKOL 600ML           """;1900;48382,93
;251;930;10/06/2010;10/06/2010;63520;1;"""E""";930;"""FILIAL CEBRASA    """;2538;"""ANTARCTICA PILSEN 600""";1672;39355,37
;251;930;10/06/2010;10/06/2010;63525;1;"""E""";930;"""FILIAL CEBRASA    """;2488;"""ANTARCTICA PILSEN LAT""";4540;67872,09
;251;930;10/06/2010;10/06/2010;63526;1;"""E""";930;"""FILIAL CEBRASA    """;982;"""SKOL 600ML           """;938;23885,89
;251;930;10/06/2010;10/06/2010;63526;1;"""E""";930;"""FILIAL CEBRASA    """;982;"""SKOL 600ML           """;974;24802,62
;251;930;10/06/2010;10/06/2010;63535;1;"""E""";930;"""FILIAL CEBRASA    """;7642;"""BRAHMA CHOPP LATA 350""";4047;58008,08
;251;930;10/06/2010;10/06/2010;63541;1;"""E""";930;"""FILIAL CEBRASA    """;2538;"""ANTARCTICA PILSEN 600""";1784;42052,63
;251;930;10/06/2010;10/06/2010;63541;1;"""E""";930;"""FILIAL CEBRASA    """;2538;"""ANTARCTICA PILSEN 600""";168;3960,11
;251;930;10/06/2010;10/06/2010;63550;1;"""E""";930;"""FILIAL CEBRASA    """;2538;"""ANTARCTICA PILSEN 600""";1948;45918,45
;251;930;10/06/2010;10/06/2010;63559;1;"""E""";930;"""FILIAL CEBRASA    """;982;"""SKOL 600ML           """;1912;48688,51
;251;930;10/06/2010;10/06/2010;63565;1;"""E""";930;"""FILIAL CEBRASA    """;2488;"""ANTARCTICA PILSEN LAT""";1816;27148,84
;251;930;10/06/2010;10/06/2010;63565;1;"""E""";930;"""FILIAL CEBRASA    """;7605;"""SKOL LATA 350ML TWELV""";898;14067,8
;251;930;10/06/2010;10/06/2010;63565;1;"""E""";930;"""FILIAL CEBRASA    """;10309;"""SKOL 360 LATA 350ML S""";2288;30622,82
;251;930;10/06/2010;10/06/2010;63569;1;"""E""";930;"""FILIAL CEBRASA    """;2538;"""ANTARCTICA PILSEN 600""";1952;46012,74
;251;930;10/06/2010;10/06/2010;63570;1;"""E""";930;"""FILIAL CEBRASA    """;982;"""SKOL 600ML           """;1624;41299,13
;253;238;03/06/2010;03/06/2010;21154;2;"""A""";238;"""FERNANDO BARRA    """;10309;"""SKOL 360 LATA 350ML S""";324;6480
;253;238;03/06/2010;03/06/2010;21154;2;"""A""";238;"""FERNANDO BARRA    """;7605;"""SKOL LATA 350ML TWELV""";58;1160
;253;238;03/06/2010;03/06/2010;21154;2;"""A""";238;"""FERNANDO BARRA    """;7699;"""PEPSI COLA LATA 350ML""";2;32,4
;253;238;03/06/2010;03/06/2010;21154;2;"""A""";238;"""FERNANDO BARRA    """;2942;"""GUARANA CHP ANTARCTIC""";4;64,8
;253;77777;01/06/2010;01/06/2010;21080;2;"""A""";77777;"""REGRA LOGISTICA LT""";1388;"""SKOL GFA VD 1L 2,99  """;1500;45766,8
;253;77777;01/06/2010;01/06/2010;21081;2;"""A""";77777;"""REGRA LOGISTICA LT""";504;"""PEPSI COLA PET 2L CAI""";200;3645,38
;253;77777;05/06/2010;05/06/2010;21278;2;"""A""";77777;"""REGRA LOGISTICA LT""";2546;"""ORIGINAL 600ML       """;47;147,11
;253;77777;05/06/2010;05/06/2010;21278;2;"""A""";77777;"""REGRA LOGISTICA LT""";10306;"""SKOL 360 600ML       """;4;107,8
;253;77777;05/06/2010;05/06/2010;21278;2;"""A""";77777;"""REGRA LOGISTICA LT""";7699;"""PEPSI COLA LATA 350ML""";3;41,58
;253;77777;05/06/2010;05/06/2010;21278;2;"""A""";77777;"""REGRA LOGISTICA LT""";2942;"""GUARANA CHP ANTARCTIC""";2;27,72
;253;77777;05/06/2010;05/06/2010;21278;2;"""A""";77777;"""REGRA LOGISTICA LT""";2686;"""SODA LIMONADA ANTARCT""";2;27,72
;253;77777;05/06/2010;05/06/2010;21278;2;"""A""";77777;"""REGRA LOGISTICA LT""";989;"""BRAHMA EXTRA 600ML   """;2;62,3
;253;77777;05/06/2010;05/06/2010;21278;2;"""A""";77777;"""REGRA LOGISTICA LT""";361;"""BRAHMA EXTRA LONG NEC""";1;44
;253;77777;05/06/2010;05/06/2010;21278;2;"""A""";77777;"""REGRA LOGISTICA LT""";8153;"""STELLA ARTOIS LONG NE""";1;52,88
;253;77777;05/06/2010;05/06/2010;21278;2;"""A""";77777;"""REGRA LOGISTICA LT""";7700;"""SUKITA LATA 350ML TWE""";1;13,86
;253;77777;05/06/2010;05/06/2010;21278;2;"""A""";77777;"""REGRA LOGISTICA LT""";2684;"""SODA LIMONADA ANTARCT""";1;13,86
;253;77777;05/06/2010;05/06/2010;21279;2;"""A""";77777;"""REGRA LOGISTICA LT""";3733;"""BOHEMIA NOVA EMBALAGE""";48;122
;253;77777;05/06/2010;05/06/2010;21279;2;"""A""";77777;"""REGRA LOGISTICA LT""";2546;"""ORIGINAL 600ML       """;72;225,54
;253;77777;05/06/2010;05/06/2010;21279;2;"""A""";77777;"""REGRA LOGISTICA LT""";2538;"""ANTARCTICA PILSEN 600""";72;157,5
;253;77777;05/06/2010;05/06/2010;21279;2;"""A""";77777;"""REGRA LOGISTICA LT""";988;"""BRAHMA CHOPP 600ML   """;72;149,81
;253;77777;05/06/2010;05/06/2010;21279;2;"""A""";77777;"""REGRA LOGISTICA LT""";982;"""SKOL 600ML           """;72;161,69
;253;77777;05/06/2010;05/06/2010;21279;2;"""A""";77777;"""REGRA LOGISTICA LT""";989;"""BRAHMA EXTRA 600ML   """;24;62,29
;253;77777;05/06/2010;05/06/2010;21280;2;"""A""";77777;"""REGRA LOGISTICA LT""";30489;"""GARRAFEIRA PLAST,24 G""";2;30
;253;77777;05/06/2010;05/06/2010;21280;2;"""A""";77777;"""REGRA LOGISTICA LT""";198214;"""GFA VIDRO 330ML GP   """;48;26,4
;253;77777;05/06/2010;05/06/2010;21281;2;"""A""";77777;"""REGRA LOGISTICA LT""";10306;"""SKOL 360 600ML       """;4;140
;253;77777;05/06/2010;05/06/2010;21282;2;"""A""";77777;"""REGRA LOGISTICA LT""";10306;"""SKOL 360 600ML       """;20;700
;253;77777;05/06/2010;05/06/2010;21283;2;"""A""";77777;"""REGRA LOGISTICA LT""";1684;"""SKOL ONE WAY 1L CXPAP""";3;109,5
;253;77777;05/06/2010;05/06/2010;21283;2;"""A""";77777;"""REGRA LOGISTICA LT""";1684;"""SKOL ONE WAY 1L CXPAP""";3;109,5
;253;77777;05/06/2010;05/06/2010;21284;2;"""A""";77777;"""REGRA LOGISTICA LT""";982;"""SKOL 600ML           """;4;140
;253;77777;05/06/2010;05/06/2010;21284;2;"""A""";77777;"""REGRA LOGISTICA LT""";7605;"""SKOL LATA 350ML TWELV""";1;20
;253;77777;05/06/2010;05/06/2010;21285;2;"""A""";77777;"""REGRA LOGISTICA LT""";30491;"""GFE PLAST,24 GFA 600M""";1;15
;253;77777;05/06/2010;05/06/2010;21285;2;"""A""";77777;"""REGRA LOGISTICA LT""";27983;"""GFA VIDRO 635ML,AMBAR""";24;24
;253;77777;05/06/2010;05/06/2010;21286;2;"""A""";77777;"""REGRA LOGISTICA LT""";9994;"""SUKITA VITAMINADA PET""";8;88,7
;253;77777;05/06/2010;05/06/2010;21287;2;"""A""";77777;"""REGRA LOGISTICA LT""";1388;"""SKOL GFA VD 1L 2,99  """;6;210
;253;77777;05/06/2010;05/06/2010;21288;2;"""A""";77777;"""REGRA LOGISTICA LT""";10309;"""SKOL 360 LATA 350ML S""";13;260
;253;77777;05/06/2010;05/06/2010;21289;2;"""A""";77777;"""REGRA LOGISTICA LT""";2686;"""SODA LIMONADA ANTARCT""";1;20
;253;77777;05/06/2010;05/06/2010;21289;2;"""A""";77777;"""REGRA LOGISTICA LT""";503;"""SUKITA PET 2L CAIXA C""";1;18
;253;77777;05/06/2010;05/06/2010;21289;2;"""A""";77777;"""REGRA LOGISTICA LT""";4409;"""PEPSI TWIST PET 2L SH""";1;18
;253;77777;05/06/2010;05/06/2010;21289;2;"""A""";77777;"""REGRA LOGISTICA LT""";2756;"""KRONENBIER LONG NECK """;1;28
;253;77777;05/06/2010;05/06/2010;21289;2;"""A""";77777;"""REGRA LOGISTICA LT""";7980;"""GATORADE TANGERINA PE""";1;15,54
;253;77777;05/06/2010;05/06/2010;21289;2;"""A""";77777;"""REGRA LOGISTICA LT""";7979;"""GATORADE FRUTAS CITRI""";1;15,54
;253;77777;05/06/2010;05/06/2010;21289;2;"""A""";77777;"""REGRA LOGISTICA LT""";1172;"""H2OH LIMAO/MACA C/GAS""";1;18
;253;77777;05/06/2010;05/06/2010;21289;2;"""A""";77777;"""REGRA LOGISTICA LT""";2546;"""ORIGINAL 600ML       """;4;140
;282;64417;05/06/2010;05/06/2010;21331;2;"""A""";64417;"""SUP. LIDERANÇA    """;7947;"""GUARANA CHP ANTARCTIC""";1;25
;282;66588;05/06/2010;05/06/2010;21299;2;"""A""";66588;"""STYLUS DIST       """;2349;"""GUARANA CHP ANTARCTIC""";10;250
;282;81282;31/05/2010;01/06/2010;21075;2;"""A""";81282;"""MERCEARIA BOM PREC""";2390;"""GUARANA CHP ANTARCTIC""";1;22
;304;313;04/06/2010;04/06/2010;9675;1;"""E""";313;"""START QUIMICA     """;3170003;"""DESINFETANTE   GL 5 L""";10;50
;304;313;04/06/2010;04/06/2010;9675;1;"""E""";313;"""START QUIMICA     """;3170004;"""DETERGENTE PASTOSO  G""";2;20,8
;305;57;04/06/2010;04/06/2010;262511;2;"""E""";57;"""PAPELARIA DINAMICA""";3290003;"""ESTILETE LARGO       """;36;32,4
;305;57;04/06/2010;04/06/2010;262511;2;"""E""";57;"""PAPELARIA DINAMICA""";3290007;"""GRAMPO PARA ROCAMA 10""";30;225
;305;57;10/06/2010;10/06/2010;262534;2;"""E""";57;"""PAPELARIA DINAMICA""";3090001;"""CANETA BIC AZUL      """;30;12,3
;305;57;10/06/2010;10/06/2010;262534;2;"""E""";57;"""PAPELARIA DINAMICA""";3090004;"""BOBINA PARA MAQUINA D""";60;36
;305;57;10/06/2010;10/06/2010;262534;2;"""E""";57;"""PAPELARIA DINAMICA""";3090007;"""CAIXA BOX FRAMA      """;100;90
;305;57;10/06/2010;10/06/2010;262534;2;"""E""";57;"""PAPELARIA DINAMICA""";3090016;"""COLA BRANCA 90GR.    """;6;3,6
;305;57;10/06/2010;10/06/2010;262534;2;"""E""";57;"""PAPELARIA DINAMICA""";3090022;"""EXTRATOR DE GRAMPOS  """;5;2,25
;305;57;10/06/2010;10/06/2010;262534;2;"""E""";57;"""PAPELARIA DINAMICA""";3090032;"""GRAMPO 26/6 ACC PARA """;10;31
;305;57;10/06/2010;10/06/2010;262534;2;"""E""";57;"""PAPELARIA DINAMICA""";3090043;"""MARCA TEXTO AMARELO P""";12;10,8
;305;57;10/06/2010;10/06/2010;262534;2;"""E""";57;"""PAPELARIA DINAMICA""";3090050;"""PASTA A-Z  GRANDE    """;5;19,5
;305;57;10/06/2010;10/06/2010;262534;2;"""E""";57;"""PAPELARIA DINAMICA""";3090060;"""PLASTICO PARA PASTA C""";500;55
;305;57;10/06/2010;10/06/2010;262534;2;"""E""";57;"""PAPELARIA DINAMICA""";3090063;"""REGUA DE 30 CM REFORÇ""";5;4,5
;305;57;10/06/2010;10/06/2010;262534;2;"""E""";57;"""PAPELARIA DINAMICA""";3090070;"""TINTA AZUL PARA CARIM""";3;3,9
;305;57;10/06/2010;10/06/2010;262534;2;"""E""";57;"""PAPELARIA DINAMICA""";3090074;"""TINTA P/MARCADOR QUAD""";3;15,6
;305;57;10/06/2010;10/06/2010;262534;2;"""E""";57;"""PAPELARIA DINAMICA""";3090075;"""TINTA P/MARCADOR QUAD""";3;15,6
;305;57;10/06/2010;10/06/2010;262534;2;"""E""";57;"""PAPELARIA DINAMICA""";3100050;"""FITA TINTADA EXTRALIF""";10;347
;305;108;04/06/2010;04/06/2010;27684;1;"""E""";108;"""POLIPECAS COMERCIO""";3120007;"""AUTOMATICO DE PARTIDA""";5;207,5
;305;108;04/06/2010;04/06/2010;27684;1;"""E""";108;"""POLIPECAS COMERCIO""";3120094;"""INDUZIDO MOTOR DE PAR""";5;1031,85
;305;109;04/06/2010;04/06/2010;4873;1;"""E""";109;"""REDEMIL IMPLEMENTO""";3120029;"""CABO ACO P/ PORTA BAU""";30;780
;305;124;04/06/2010;04/06/2010;27706;1;"""E""";124;"""EMBALAGENS PAULIST""";3340001;"""FITA PARA ARQUEAR PAL""";15;253,8
;305;202;04/06/2010;04/06/2010;3766;1;"""E""";202;"""AUTOPEL PECAS ELET""";3120011;"""BENDIX ZEN 0497 / 200""";5;186,95
;305;281;08/06/2010;08/06/2010;4801;1;"""E""";281;"""EQUIPE IND. COM.EQ""";3230020;"""LUVA DE RASPA DE COUR""";150;1200
;305;391;10/06/2010;10/06/2010;451;1;"""E""";391;"""G.A BRASIL CESTAS """;3320001;"""CESTAS BASICAS       """;270;8019
;305;441;04/06/2010;04/06/2010;6308;1;"""E""";441;"""SOLDA MAIS        """;3140006;"""DISCO ZIP CUT 7/8    """;20;360
;305;933;07/06/2010;07/06/2010;749;0;"""E""";933;"""POLICOM QUIMICA   """;3370007;"""SHAMPOO  NEUTRO (LAVA""";200;135
;305;1413;10/06/2010;10/06/2010;1031;1;"""E""";1413;"""ELETRICA AUTO PART""";3120031;"""CHAVE DE REDUCAO C/ C""";5;125
;305;1413;10/06/2010;10/06/2010;1031;1;"""E""";1413;"""ELETRICA AUTO PART""";3120032;"""CHAVE DE SETA (F. CAR""";5;325
;305;1413;10/06/2010;10/06/2010;1031;1;"""E""";1413;"""ELETRICA AUTO PART""";3120107;"""LAMPADA 1034 24V CARR""";30;66
;305;1413;10/06/2010;10/06/2010;1031;1;"""E""";1413;"""ELETRICA AUTO PART""";3120113;"""LAMPADA 67 24WTS     """;20;18
;305;1413;10/06/2010;10/06/2010;1031;1;"""E""";1413;"""ELETRICA AUTO PART""";3120130;"""LAMPADA H1 12V       """;10;70
;305;1413;10/06/2010;10/06/2010;1031;1;"""E""";1413;"""ELETRICA AUTO PART""";3123500;"""PORTA ESCOVA 1104 UNI""";5;22,5
;305;5001;04/06/2010;04/06/2010;217;1;"""E""";5001;"""FORTE LUVAS       """;3230020;"""LUVA DE RASPA DE COUR""";150;1200
;305;5032;10/06/2010;10/06/2010;514;1;"""E""";5032;"""BATERIAS CARGO    """;3120009;"""BATERIA 180 AMPERES  """;5;1985
;305;5035;10/06/2010;10/06/2010;3005;1;"""E""";5035;"""GRAFIGEL          """;3330001;"""BOBINA PLASTICA TERMO""";90;807,3
;305;5043;01/06/2010;01/06/2010;26944;1;"""E""";5043;"""SETRANSP          """;3310001;"""VALE TRANSPORTE SETRA""";1000;2250
;305;5201;04/06/2010;04/06/2010;448928;1;"""E""";5201;"""3 JC DISTRIBUIDORA""";3290004;"""FITA ADESIVA PVC 3 M """;200;246
;305;5226;04/06/2010;04/06/2010;582;1;"""E""";5226;"""MEGA SERIGRAFIA   """;3190072;"""POCHETE SKOL         """;50;750
;305;5226;04/06/2010;04/06/2010;582;1;"""E""";5226;"""MEGA SERIGRAFIA   """;3190121;"""POCHETE ANTARCTICA PI""";50;750
;305;5226;04/06/2010;04/06/2010;582;1;"""E""";5226;"""MEGA SERIGRAFIA   """;3190122;"""POCHETE BRAHMA       """;50;750
;305;5227;04/06/2010;04/06/2010;137642;1;"""E""";5227;"""MEGAFORT          """;3090048;"""RESMA DE PAPEL A 4   """;300;2457
;305;5237;04/06/2010;04/06/2010;33872;1;"""E""";5237;"""PROTEÇÃO TOTAL    """;3230015;"""COLETE SINALIZACAO TI""";40;280
;305;5304;04/06/2010;04/06/2010;1848;1;"""E""";5304;"""SANDRE COM. E INDU""";3230018;"""LUVA DE LATEX  NITRIL""";20;64
;305;5304;04/06/2010;04/06/2010;1848;1;"""E""";5304;"""SANDRE COM. E INDU""";3230027;"""LUVA TRICOTADA PIGMEN""";10;14,9
;305;5304;04/06/2010;04/06/2010;1848;1;"""E""";5304;"""SANDRE COM. E INDU""";3230035;"""RESPIRADOR SEMIFACIAL""";15;21
;305;5507;04/06/2010;04/06/2010;68854;1;"""E""";5507;"""SK AUTOMOTIVE     """;3150001;"""DISCO TACOGRAFO 7 DIA""";60;894
;305;7023;09/06/2010;09/06/2010;221183;1;"""E""";7023;"""TRIVALE           """;       ;"""WANDER CORREIA DE TOL""";1;125,25
;305;7023;09/06/2010;09/06/2010;221183;1;"""E""";7023;"""TRIVALE           """;3300001;"""CHEQUE REFEICAO      """;9;948,6
;305;7023;10/06/2010;10/06/2010;221342;1;"""E""";7023;"""TRIVALE           """;3300001;"""CHEQUE REFEICAO      """;6;1264,54
;305;12002;04/06/2010;04/06/2010;48122;2;"""E""";12002;"""BELCAR CAMINHÕES E""";3120052;"""RESERVATORIO DE AGUA """;3;315
;306;386;07/06/2010;07/06/2010;18423;2;"""E""";386;"""LUBEX DISTRIBUIDOR""";3060007;"""OLEO RIMULA X 15W40 2""";200;1290
;306;1491;08/06/2010;08/06/2010;15974;5;"""E""";1491;"""ULTRAZGAZ         """;3030001;"""GAS GLP A GRANEL     """;1203;2947,35
;306;5234;08/06/2010;08/06/2010;251278;0;"""E""";5234;"""PETROBRAS         """;3020001;"""OLEO DIESEL COMUM    """;15000;26386,5
;306;5234;08/06/2010;08/06/2010;252697;0;"""E""";5234;"""PETROBRAS         """;3020001;"""OLEO DIESEL COMUM    """;20000;35182
;306;12002;04/06/2010;04/06/2010;48005;2;"""E""";12002;"""BELCAR CAMINHÕES E""";3060013;"""OLEO DIFERENCIAL 85W1""";220;1353
;306;12002;04/06/2010;04/06/2010;48005;2;"""E""";12002;"""BELCAR CAMINHÕES E""";3060014;"""OLEO CAIXA SAE 50    """;40;216
;307;260;03/06/2010;03/06/2010;161109;1;"""E""";260;"""AMBEV FILIAL JACAR""";7387;"""CARACU LATA 350ML TWE""";1110;15201,12
;307;260;10/06/2010;10/06/2010;162498;1;"""E""";260;"""AMBEV FILIAL JACAR""";7387;"""CARACU LATA 350ML TWE""";1109;15187,42
;307;260;10/06/2010;10/06/2010;162503;1;"""E""";260;"""AMBEV FILIAL JACAR""";361;"""BRAHMA EXTRA LONG NEC""";132;4608,82
;307;260;10/06/2010;10/06/2010;162503;1;"""E""";260;"""AMBEV FILIAL JACAR""";620;"""CARACU LONG NECK 355M""";149;5204,08
;307;260;10/06/2010;10/06/2010;162503;1;"""E""";260;"""AMBEV FILIAL JACAR""";6019;"""BOHEMIA WEISS TRIGO L""";13;533,02
;307;260;10/06/2010;10/06/2010;162504;1;"""E""";260;"""AMBEV FILIAL JACAR""";7387;"""CARACU LATA 350ML TWE""";110;1506,42
;307;261;05/06/2010;05/06/2010;167365;1;"""E""";261;"""AMBEV - FILIAL JAG""";2750;"""ANTARCTICA PILSEN LON""";65;1722,73
;307;261;05/06/2010;05/06/2010;167365;1;"""E""";261;"""AMBEV - FILIAL JAG""";3735;"""BOHEMIA NOVA EMBALAGE""";108;3213,65
;307;261;05/06/2010;05/06/2010;167366;1;"""E""";261;"""AMBEV - FILIAL JAG""";5018;"""SKOL BEATS LONG NECK """;95;3439,67
;307;261;05/06/2010;05/06/2010;167366;1;"""E""";261;"""AMBEV - FILIAL JAG""";6161;"""LIBER LONG NECK 355ML""";14;536,48
;307;261;05/06/2010;05/06/2010;167366;1;"""E""";261;"""AMBEV - FILIAL JAG""";8153;"""STELLA ARTOIS LONG NE""";35;1344,39
;307;261;05/06/2010;05/06/2010;167378;1;"""E""";261;"""AMBEV - FILIAL JAG""";392;"""SKOL LONG NECK 355ML """;366;9873,44
;307;261;08/06/2010;08/06/2010;167814;1;"""E""";261;"""AMBEV - FILIAL JAG""";392;"""SKOL LONG NECK 355ML """;367;9900,41
;307;261;08/06/2010;08/06/2010;167819;1;"""E""";261;"""AMBEV - FILIAL JAG""";7982;"""GATORADE LIMAO PET 50""";182;2404,58
;307;261;08/06/2010;08/06/2010;167819;1;"""E""";261;"""AMBEV - FILIAL JAG""";7983;"""GATORADE MORANGO-MARA""";181;2391,37
;307;261;08/06/2010;08/06/2010;167820;1;"""E""";261;"""AMBEV - FILIAL JAG""";7977;"""GATORADE UVA PET 500M""";90;1189,08
;307;261;08/06/2010;08/06/2010;167820;1;"""E""";261;"""AMBEV - FILIAL JAG""";7980;"""GATORADE TANGERINA PE""";91;1202,29
;307;261;08/06/2010;08/06/2010;167820;1;"""E""";261;"""AMBEV - FILIAL JAG""";7981;"""GATORADE LARANJA PET """;90;1189,08
;307;261;08/06/2010;08/06/2010;167821;1;"""E""";261;"""AMBEV - FILIAL JAG""";392;"""SKOL LONG NECK 355ML """;91;2454,87
;307;261;08/06/2010;08/06/2010;167821;1;"""E""";261;"""AMBEV - FILIAL JAG""";2492;"""KRONENBIER LATA 350ML""";106;1695,33
;307;261;08/06/2010;08/06/2010;167821;1;"""E""";261;"""AMBEV - FILIAL JAG""";6158;"""LIBER LATA 350ML SHRI""";228;3308,69
;307;261;08/06/2010;08/06/2010;167890;1;"""E""";261;"""AMBEV - FILIAL JAG""";2569;"""ANTARCTICA MALZEBIER """;28;921,68
;307;261;08/06/2010;08/06/2010;167890;1;"""E""";261;"""AMBEV - FILIAL JAG""";2756;"""KRONENBIER LONG NECK """;11;396,99
;307;261;08/06/2010;08/06/2010;167890;1;"""E""";261;"""AMBEV - FILIAL JAG""";6161;"""LIBER LONG NECK 355ML""";30;1149,6
;307;261;08/06/2010;08/06/2010;167891;1;"""E""";261;"""AMBEV - FILIAL JAG""";2750;"""ANTARCTICA PILSEN LON""";79;2093,78
;307;261;08/06/2010;08/06/2010;167891;1;"""E""";261;"""AMBEV - FILIAL JAG""";3735;"""BOHEMIA NOVA EMBALAGE""";54;1606,82
;307;261;08/06/2010;08/06/2010;167891;1;"""E""";261;"""AMBEV - FILIAL JAG""";5018;"""SKOL BEATS LONG NECK """;94;3403,47
;307;776;01/06/2010;01/06/2010;25154;1;"""E""";776;"""FILIAL GOIANIA    """;988;"""BRAHMA CHOPP 600ML   """;392;8888,21
;307;776;01/06/2010;01/06/2010;25155;1;"""E""";776;"""FILIAL GOIANIA    """;988;"""BRAHMA CHOPP 600ML   """;456;10346,46
;307;776;01/06/2010;01/06/2010;25164;1;"""E""";776;"""FILIAL GOIANIA    """;988;"""BRAHMA CHOPP 600ML   """;456;10346,46
;307;776;01/06/2010;01/06/2010;25171;1;"""E""";776;"""FILIAL GOIANIA    """;988;"""BRAHMA CHOPP 600ML   """;456;10346,46
;307;776;01/06/2010;01/06/2010;25189;1;"""E""";776;"""FILIAL GOIANIA    """;988;"""BRAHMA CHOPP 600ML   """;456;10346,46
;307;776;02/06/2010;02/06/2010;25202;1;"""E""";776;"""FILIAL GOIANIA    """;2538;"""ANTARCTICA PILSEN 600""";400;9468,6
;307;776;02/06/2010;02/06/2010;25203;1;"""E""";776;"""FILIAL GOIANIA    """;988;"""BRAHMA CHOPP 600ML   """;456;10346,46
;307;776;02/06/2010;02/06/2010;25214;1;"""E""";776;"""FILIAL GOIANIA    """;988;"""BRAHMA CHOPP 600ML   """;466;10573,35
;307;776;02/06/2010;02/06/2010;25215;1;"""E""";776;"""FILIAL GOIANIA    """;988;"""BRAHMA CHOPP 600ML   """;456;10346,46
;307;776;02/06/2010;02/06/2010;25219;1;"""E""";776;"""FILIAL GOIANIA    """;2538;"""ANTARCTICA PILSEN 600""";410;9705,32
;307;776;02/06/2010;02/06/2010;25238;1;"""E""";776;"""FILIAL GOIANIA    """;2538;"""ANTARCTICA PILSEN 600""";342;8090,32
;307;776;04/06/2010;04/06/2010;25263;1;"""E""";776;"""FILIAL GOIANIA    """;2538;"""ANTARCTICA PILSEN 600""";400;9468,6
;307;776;04/06/2010;04/06/2010;25264;1;"""E""";776;"""FILIAL GOIANIA    """;988;"""BRAHMA CHOPP 600ML   """;456;10346,46
;307;776;04/06/2010;04/06/2010;25265;1;"""E""";776;"""FILIAL GOIANIA    """;988;"""BRAHMA CHOPP 600ML   """;456;10346,46
;307;776;04/06/2010;04/06/2010;25270;1;"""E""";776;"""FILIAL GOIANIA    """;982;"""SKOL 600ML           """;440;11248,2
;307;776;04/06/2010;04/06/2010;25273;1;"""E""";776;"""FILIAL GOIANIA    """;2538;"""ANTARCTICA PILSEN 600""";400;9468,6
;307;776;04/06/2010;04/06/2010;25284;1;"""E""";776;"""FILIAL GOIANIA    """;988;"""BRAHMA CHOPP 600ML   """;456;10346,46
;307;776;04/06/2010;04/06/2010;25305;1;"""E""";776;"""FILIAL GOIANIA    """;982;"""SKOL 600ML           """;440;11248,2
;307;776;04/06/2010;04/06/2010;25311;1;"""E""";776;"""FILIAL GOIANIA    """;982;"""SKOL 600ML           """;440;11248,2
;307;776;04/06/2010;04/06/2010;25314;1;"""E""";776;"""FILIAL GOIANIA    """;2538;"""ANTARCTICA PILSEN 600""";284;6718,28
;307;776;05/06/2010;05/06/2010;25325;1;"""E""";776;"""FILIAL GOIANIA    """;988;"""BRAHMA CHOPP 600ML   """;456;10346,46
;307;776;05/06/2010;05/06/2010;25329;1;"""E""";776;"""FILIAL GOIANIA    """;982;"""SKOL 600ML           """;440;11248,2
;307;776;05/06/2010;05/06/2010;25333;1;"""E""";776;"""FILIAL GOIANIA    """;988;"""BRAHMA CHOPP 600ML   """;456;10346,46
;307;776;05/06/2010;05/06/2010;25335;1;"""E""";776;"""FILIAL GOIANIA    """;988;"""BRAHMA CHOPP 600ML   """;456;10346,46
;307;776;05/06/2010;05/06/2010;25341;1;"""E""";776;"""FILIAL GOIANIA    """;982;"""SKOL 600ML           """;440;11248,2
;307;776;05/06/2010;05/06/2010;25342;1;"""E""";776;"""FILIAL GOIANIA    """;982;"""SKOL 600ML           """;440;11248,2
;307;776;05/06/2010;05/06/2010;25343;1;"""E""";776;"""FILIAL GOIANIA    """;982;"""SKOL 600ML           """;458;11708,36
;307;776;05/06/2010;05/06/2010;25360;1;"""E""";776;"""FILIAL GOIANIA    """;982;"""SKOL 600ML           """;440;11248,2
;307;776;05/06/2010;05/06/2010;25361;1;"""E""";776;"""FILIAL GOIANIA    """;982;"""SKOL 600ML           """;314;8022,23
;307;776;05/06/2010;05/06/2010;25365;1;"""E""";776;"""FILIAL GOIANIA    """;982;"""SKOL 600ML           """;440;11248,2
;307;776;07/06/2010;07/06/2010;25371;1;"""E""";776;"""FILIAL GOIANIA    """;2538;"""ANTARCTICA PILSEN 600""";400;9468,6
;307;776;07/06/2010;07/06/2010;25377;1;"""E""";776;"""FILIAL GOIANIA    """;2538;"""ANTARCTICA PILSEN 600""";400;9468,6
;307;776;07/06/2010;07/06/2010;25381;1;"""E""";776;"""FILIAL GOIANIA    """;2538;"""ANTARCTICA PILSEN 600""";400;9468,6
;307;776;07/06/2010;07/06/2010;25383;1;"""E""";776;"""FILIAL GOIANIA    """;982;"""SKOL 600ML           """;278;7106,82
;307;776;07/06/2010;07/06/2010;25385;1;"""E""";776;"""FILIAL GOIANIA    """;2538;"""ANTARCTICA PILSEN 600""";400;9468,6
;307;776;07/06/2010;07/06/2010;25388;1;"""E""";776;"""FILIAL GOIANIA    """;982;"""SKOL 600ML           """;440;11248,2
;307;776;07/06/2010;07/06/2010;25405;1;"""E""";776;"""FILIAL GOIANIA    """;982;"""SKOL 600ML           """;440;11248,2
;307;776;07/06/2010;07/06/2010;25414;1;"""E""";776;"""FILIAL GOIANIA    """;2538;"""ANTARCTICA PILSEN 600""";400;9468,6
;307;776;08/06/2010;08/06/2010;25428;1;"""E""";776;"""FILIAL GOIANIA    """;982;"""SKOL 600ML           """;440;11248,2
;307;776;08/06/2010;08/06/2010;25429;1;"""E""";776;"""FILIAL GOIANIA    """;982;"""SKOL 600ML           """;440;11248,2
;307;776;08/06/2010;08/06/2010;25460;1;"""E""";776;"""FILIAL GOIANIA    """;982;"""SKOL 600ML           """;440;11248,2
;307;776;09/06/2010;09/06/2010;25478;1;"""E""";776;"""FILIAL GOIANIA    """;988;"""BRAHMA CHOPP 600ML   """;456;10346,46
;307;776;09/06/2010;09/06/2010;25479;1;"""E""";776;"""FILIAL GOIANIA    """;988;"""BRAHMA CHOPP 600ML   """;456;10346,46
;307;776;09/06/2010;09/06/2010;25521;1;"""E""";776;"""FILIAL GOIANIA    """;988;"""BRAHMA CHOPP 600ML   """;462;10482,6
;307;776;10/06/2010;10/06/2010;25549;1;"""E""";776;"""FILIAL GOIANIA    """;988;"""BRAHMA CHOPP 600ML   """;456;10346,46
;307;776;10/06/2010;10/06/2010;25551;1;"""E""";776;"""FILIAL GOIANIA    """;988;"""BRAHMA CHOPP 600ML   """;392;8888,21
;307;893;04/06/2010;04/06/2010;22993;1;"""E""";893;"""FILIAL BRASILIA   """;982;"""SKOL 600ML           """;448;9668,42
;307;893;04/06/2010;04/06/2010;23006;1;"""E""";893;"""FILIAL BRASILIA   """;982;"""SKOL 600ML           """;448;9668,42
;307;893;04/06/2010;04/06/2010;23007;1;"""E""";893;"""FILIAL BRASILIA   """;982;"""SKOL 600ML           """;448;9668,42
;307;893;08/06/2010;08/06/2010;23135;1;"""E""";893;"""FILIAL BRASILIA   """;982;"""SKOL 600ML           """;448;9668,42
;307;893;08/06/2010;08/06/2010;23142;1;"""E""";893;"""FILIAL BRASILIA   """;982;"""SKOL 600ML           """;448;9668,42
;307;893;09/06/2010;09/06/2010;23160;1;"""E""";893;"""FILIAL BRASILIA   """;982;"""SKOL 600ML           """;448;9668,42
;307;893;09/06/2010;09/06/2010;23182;1;"""E""";893;"""FILIAL BRASILIA   """;982;"""SKOL 600ML           """;448;9668,42
;307;893;10/06/2010;10/06/2010;23200;1;"""E""";893;"""FILIAL BRASILIA   """;982;"""SKOL 600ML           """;448;9668,42
;307;893;10/06/2010;10/06/2010;23210;1;"""E""";893;"""FILIAL BRASILIA   """;982;"""SKOL 600ML           """;448;9668,42
;307;930;01/06/2010;01/06/2010;62604;1;"""E""";930;"""FILIAL CEBRASA    """;504;"""PEPSI COLA PET 2L CAI""";105;1902,29
;307;930;01/06/2010;01/06/2010;62604;1;"""E""";930;"""FILIAL CEBRASA    """;2349;"""GUARANA CHP ANTARCTIC""";403;7345,08
;307;930;01/06/2010;01/06/2010;62612;1;"""E""";930;"""FILIAL CEBRASA    """;982;"""SKOL 600ML           """;440;11204,47
;307;930;01/06/2010;01/06/2010;62613;1;"""E""";930;"""FILIAL CEBRASA    """;982;"""SKOL 600ML           """;440;11204,47
;307;930;01/06/2010;01/06/2010;62623;1;"""E""";930;"""FILIAL CEBRASA    """;2350;"""SODA LIMONADA ANTARCT""";598;9786,15
;307;930;01/06/2010;01/06/2010;62624;1;"""E""";930;"""FILIAL CEBRASA    """;982;"""SKOL 600ML           """;440;11204,47
;307;930;01/06/2010;01/06/2010;62625;1;"""E""";930;"""FILIAL CEBRASA    """;982;"""SKOL 600ML           """;440;11204,47
;307;930;01/06/2010;01/06/2010;62648;1;"""E""";930;"""FILIAL CEBRASA    """;982;"""SKOL 600ML           """;450;11459,12
;307;930;01/06/2010;01/06/2010;62649;1;"""E""";930;"""FILIAL CEBRASA    """;2538;"""ANTARCTICA PILSEN 600""";402;9475,98
;307;930;01/06/2010;01/06/2010;62656;1;"""E""";930;"""FILIAL CEBRASA    """;2488;"""ANTARCTICA PILSEN LAT""";59;882,04
;307;930;01/06/2010;01/06/2010;62656;1;"""E""";930;"""FILIAL CEBRASA    """;7605;"""SKOL LATA 350ML TWELV""";1408;22057,31
;307;930;01/06/2010;01/06/2010;62666;1;"""E""";930;"""FILIAL CEBRASA    """;7605;"""SKOL LATA 350ML TWELV""";1225;19190,48
;307;930;01/06/2010;01/06/2010;62669;1;"""E""";930;"""FILIAL CEBRASA    """;982;"""SKOL 600ML           """;440;11204,47
;307;930;01/06/2010;01/06/2010;62671;1;"""E""";930;"""FILIAL CEBRASA    """;503;"""SUKITA PET 2L CAIXA C""";225;3588,1
;307;930;01/06/2010;01/06/2010;62671;1;"""E""";930;"""FILIAL CEBRASA    """;8791;"""H2OH LIMAO C/GAS PET """;234;3751,02
;307;930;01/06/2010;01/06/2010;62671;1;"""E""";930;"""FILIAL CEBRASA    """;2390;"""GUARANA CHP ANTARCTIC""";109;1924,41
;307;930;01/06/2010;01/06/2010;62679;1;"""E""";930;"""FILIAL CEBRASA    """;2538;"""ANTARCTICA PILSEN 600""";400;9428,84
;307;930;01/06/2010;01/06/2010;62683;1;"""E""";930;"""FILIAL CEBRASA    """;982;"""SKOL 600ML           """;440;11204,47
;307;930;01/06/2010;01/06/2010;62688;1;"""E""";930;"""FILIAL CEBRASA    """;982;"""SKOL 600ML           """;440;11204,47
;307;930;01/06/2010;01/06/2010;62690;1;"""E""";930;"""FILIAL CEBRASA    """;2488;"""ANTARCTICA PILSEN LAT""";591;8835,33
;307;930;01/06/2010;01/06/2010;62690;1;"""E""";930;"""FILIAL CEBRASA    """;7642;"""BRAHMA CHOPP LATA 350""";838;12011,56
;307;930;01/06/2010;01/06/2010;62691;1;"""E""";930;"""FILIAL CEBRASA    """;2538;"""ANTARCTICA PILSEN 600""";400;9428,84
;307;930;01/06/2010;01/06/2010;62693;1;"""E""";930;"""FILIAL CEBRASA    """;2538;"""ANTARCTICA PILSEN 600""";344;8097,04
;307;930;02/06/2010;02/06/2010;62717;1;"""E""";930;"""FILIAL CEBRASA    """;2349;"""GUARANA CHP ANTARCTIC""";604;11008,5
;307;930;02/06/2010;02/06/2010;62718;1;"""E""";930;"""FILIAL CEBRASA    """;988;"""BRAHMA CHOPP 600ML   """;466;10526,99
;307;930;02/06/2010;02/06/2010;62725;1;"""E""";930;"""FILIAL CEBRASA    """;988;"""BRAHMA CHOPP 600ML   """;458;10346,27
;307;930;02/06/2010;02/06/2010;62736;1;"""E""";930;"""FILIAL CEBRASA    """;982;"""SKOL 600ML           """;440;11204,47
;307;930;02/06/2010;02/06/2010;62739;1;"""E""";930;"""FILIAL CEBRASA    """;3733;"""BOHEMIA NOVA EMBALAGE""";238;6191,07
;307;930;02/06/2010;02/06/2010;62755;1;"""E""";930;"""FILIAL CEBRASA    """;503;"""SUKITA PET 2L CAIXA C""";280;4465,19
;307;930;02/06/2010;02/06/2010;62755;1;"""E""";930;"""FILIAL CEBRASA    """;504;"""PEPSI COLA PET 2L CAI""";260;4710,42
;307;930;02/06/2010;02/06/2010;62759;1;"""E""";930;"""FILIAL CEBRASA    """;2488;"""ANTARCTICA PILSEN LAT""";471;7046,44
;307;930;02/06/2010;02/06/2010;62759;1;"""E""";930;"""FILIAL CEBRASA    """;7642;"""BRAHMA CHOPP LATA 350""";1672;23983,84
;307;930;02/06/2010;02/06/2010;62760;1;"""E""";930;"""FILIAL CEBRASA    """;982;"""SKOL 600ML           """;440;11204,47
;307;930;02/06/2010;02/06/2010;62789;1;"""E""";930;"""FILIAL CEBRASA    """;982;"""SKOL 600ML           """;440;11204,47
;307;930;02/06/2010;02/06/2010;62794;1;"""E""";930;"""FILIAL CEBRASA    """;2231;"""GUARANA CHP ANTARCTIC""";194;1238,32
;307;930;02/06/2010;02/06/2010;62794;1;"""E""";930;"""FILIAL CEBRASA    """;9083;"""SKOL LATA 473ML SH C/""";614;12669,21
;307;930;02/06/2010;02/06/2010;62797;1;"""E""";930;"""FILIAL CEBRASA    """;2349;"""GUARANA CHP ANTARCTIC""";225;4100,85
;307;930;02/06/2010;02/06/2010;62797;1;"""E""";930;"""FILIAL CEBRASA    """;7947;"""GUARANA CHP ANTARCTIC""";68;1190,41
;307;930;02/06/2010;02/06/2010;62797;1;"""E""";930;"""FILIAL CEBRASA    """;2390;"""GUARANA CHP ANTARCTIC""";82;1447,72
;307;930;02/06/2010;02/06/2010;62797;1;"""E""";930;"""FILIAL CEBRASA    """;2392;"""GUARANA CHP ANTARCTIC""";54;953,38
;307;930;02/06/2010;02/06/2010;62802;1;"""E""";930;"""FILIAL CEBRASA    """;982;"""SKOL 600ML           """;440;11204,47
;307;930;02/06/2010;02/06/2010;62803;1;"""E""";930;"""FILIAL CEBRASA    """;2349;"""GUARANA CHP ANTARCTIC""";603;10990,28
;307;930;02/06/2010;02/06/2010;62804;1;"""E""";930;"""FILIAL CEBRASA    """;982;"""SKOL 600ML           """;440;11204,47
;307;930;02/06/2010;02/06/2010;62810;1;"""E""";930;"""FILIAL CEBRASA    """;2538;"""ANTARCTICA PILSEN 600""";400;9428,84
;307;930;03/06/2010;03/06/2010;62820;1;"""E""";930;"""FILIAL CEBRASA    """;7945;"""PEPSI COLA PET 2,5L C""";114;1789,32
;307;930;03/06/2010;03/06/2010;62820;1;"""E""";930;"""FILIAL CEBRASA    """;7947;"""GUARANA CHP ANTARCTIC""";203;3553,74
;307;930;03/06/2010;03/06/2010;62823;1;"""E""";930;"""FILIAL CEBRASA    """;2350;"""SODA LIMONADA ANTARCT""";418;6840,49
;307;930;03/06/2010;03/06/2010;62823;1;"""E""";930;"""FILIAL CEBRASA    """;2353;"""GUARANA CHP ANTARCTIC""";251;4571,97
;307;930;03/06/2010;03/06/2010;62838;1;"""E""";930;"""FILIAL CEBRASA    """;2538;"""ANTARCTICA PILSEN 600""";402;9475,98
;307;930;03/06/2010;03/06/2010;62850;1;"""E""";930;"""FILIAL CEBRASA    """;982;"""SKOL 600ML           """;440;11204,47
;307;930;03/06/2010;03/06/2010;62854;1;"""E""";930;"""FILIAL CEBRASA    """;982;"""SKOL 600ML           """;440;11204,47
;307;930;03/06/2010;03/06/2010;62859;1;"""E""";930;"""FILIAL CEBRASA    """;2349;"""GUARANA CHP ANTARCTIC""";178;3244,23
;307;930;03/06/2010;03/06/2010;62859;1;"""E""";930;"""FILIAL CEBRASA    """;2942;"""GUARANA CHP ANTARCTIC""";183;2385
;307;930;03/06/2010;03/06/2010;62859;1;"""E""";930;"""FILIAL CEBRASA    """;2686;"""SODA LIMONADA ANTARCT""";88;1134,52
;307;930;03/06/2010;03/06/2010;62859;1;"""E""";930;"""FILIAL CEBRASA    """;2705;"""TONICA ANTARCTICA DIE""";76;923,99
;307;930;03/06/2010;03/06/2010;62859;1;"""E""";930;"""FILIAL CEBRASA    """;7702;"""PEPSI COLA LIGHT LATA""";76;932,5
;307;930;03/06/2010;03/06/2010;62861;1;"""E""";930;"""FILIAL CEBRASA    """;982;"""SKOL 600ML           """;440;11204,47
;307;930;03/06/2010;03/06/2010;62866;1;"""E""";930;"""FILIAL CEBRASA    """;982;"""SKOL 600ML           """;440;11204,47
;307;930;03/06/2010;03/06/2010;62867;1;"""E""";930;"""FILIAL CEBRASA    """;2488;"""ANTARCTICA PILSEN LAT""";354;5296,05
;307;930;03/06/2010;03/06/2010;62867;1;"""E""";930;"""FILIAL CEBRASA    """;7642;"""BRAHMA CHOPP LATA 350""";1840;26393,7
;307;930;03/06/2010;03/06/2010;62869;1;"""E""";930;"""FILIAL CEBRASA    """;7605;"""SKOL LATA 350ML TWELV""";1715;26885,2
;307;930;03/06/2010;03/06/2010;62870;1;"""E""";930;"""FILIAL CEBRASA    """;2231;"""GUARANA CHP ANTARCTIC""";96;612,78
;307;930;03/06/2010;03/06/2010;62871;1;"""E""";930;"""FILIAL CEBRASA    """;576;"""SUKITA 290ML         """;26;160,68
;307;930;03/06/2010;03/06/2010;62871;1;"""E""";930;"""FILIAL CEBRASA    """;971;"""CARACU 300ML         """;22;323,35
;307;930;03/06/2010;03/06/2010;62871;1;"""E""";930;"""FILIAL CEBRASA    """;8411;"""GUARANA CHP ANTARCTIC""";355;4893,25
;307;930;03/06/2010;03/06/2010;62873;1;"""E""";930;"""FILIAL CEBRASA    """;988;"""BRAHMA CHOPP 600ML   """;462;10436,63
;307;930;03/06/2010;03/06/2010;62875;1;"""E""";930;"""FILIAL CEBRASA    """;2349;"""GUARANA CHP ANTARCTIC""";301;5486,03
;307;930;04/06/2010;04/06/2010;62891;1;"""E""";930;"""FILIAL CEBRASA    """;2349;"""GUARANA CHP ANTARCTIC""";603;10990,28
;307;930;04/06/2010;04/06/2010;62905;1;"""E""";930;"""FILIAL CEBRASA    """;7605;"""SKOL LATA 350ML TWELV""";1713;26853,84
;307;930;04/06/2010;04/06/2010;62922;1;"""E""";930;"""FILIAL CEBRASA    """;8791;"""H2OH LIMAO C/GAS PET """;176;2821,28
;307;930;04/06/2010;04/06/2010;62922;1;"""E""";930;"""FILIAL CEBRASA    """;8793;"""H2OH LIMAO C/GAS PET """;112;1476,35
;307;930;04/06/2010;04/06/2010;62923;1;"""E""";930;"""FILIAL CEBRASA    """;1172;"""H2OH LIMAO/MACA C/GAS""";58;929,74
;307;930;04/06/2010;04/06/2010;62923;1;"""E""";930;"""FILIAL CEBRASA    """;2349;"""GUARANA CHP ANTARCTIC""";75;1366,95
;307;930;04/06/2010;04/06/2010;62923;1;"""E""";930;"""FILIAL CEBRASA    """;2390;"""GUARANA CHP ANTARCTIC""";82;1447,72
;307;930;04/06/2010;04/06/2010;62927;1;"""E""";930;"""FILIAL CEBRASA    """;503;"""SUKITA PET 2L CAIXA C""";281;4481,14
;307;930;04/06/2010;04/06/2010;62927;1;"""E""";930;"""FILIAL CEBRASA    """;504;"""PEPSI COLA PET 2L CAI""";261;4728,54
;307;930;04/06/2010;04/06/2010;62927;1;"""E""";930;"""FILIAL CEBRASA    """;4409;"""PEPSI TWIST PET 2L SH""";78;1297,21
;307;930;04/06/2010;04/06/2010;62932;1;"""E""";930;"""FILIAL CEBRASA    """;7642;"""BRAHMA CHOPP LATA 350""";2341;33580,24
;307;930;04/06/2010;04/06/2010;62970;1;"""E""";930;"""FILIAL CEBRASA    """;2538;"""ANTARCTICA PILSEN 600""";400;9428,84
;307;930;04/06/2010;04/06/2010;62978;1;"""E""";930;"""FILIAL CEBRASA    """;7605;"""SKOL LATA 350ML TWELV""";1101;17247,94
;307;930;04/06/2010;04/06/2010;62978;1;"""E""";930;"""FILIAL CEBRASA    """;9083;"""SKOL LATA 473ML SH C/""";307;6334,61
;307;930;05/06/2010;05/06/2010;62990;1;"""E""";930;"""FILIAL CEBRASA    """;9083;"""SKOL LATA 473ML SH C/""";1024;21129,11
;307;930;05/06/2010;05/06/2010;62996;1;"""E""";930;"""FILIAL CEBRASA    """;2538;"""ANTARCTICA PILSEN 600""";400;9428,84
;307;930;05/06/2010;05/06/2010;63010;1;"""E""";930;"""FILIAL CEBRASA    """;2538;"""ANTARCTICA PILSEN 600""";400;9428,84
;307;930;05/06/2010;05/06/2010;63017;1;"""E""";930;"""FILIAL CEBRASA    """;2538;"""ANTARCTICA PILSEN 600""";404;9523,13
;307;930;05/06/2010;05/06/2010;63045;1;"""E""";930;"""FILIAL CEBRASA    """;7605;"""SKOL LATA 350ML TWELV""";489;7660,53
;307;930;05/06/2010;05/06/2010;63045;1;"""E""";930;"""FILIAL CEBRASA    """;3730;"""BOHEMIA NOVA EMBALAGE""";336;6106,7
;307;930;05/06/2010;05/06/2010;63046;1;"""E""";930;"""FILIAL CEBRASA    """;2488;"""ANTARCTICA PILSEN LAT""";355;5307,18
;307;930;05/06/2010;05/06/2010;63064;1;"""E""";930;"""FILIAL CEBRASA    """;2777;"""GUARANA CHP ANTARCTIC""";526;5000,16
;307;930;05/06/2010;05/06/2010;63064;1;"""E""";930;"""FILIAL CEBRASA    """;2942;"""GUARANA CHP ANTARCTIC""";91;1185,98
;307;930;05/06/2010;05/06/2010;63064;1;"""E""";930;"""FILIAL CEBRASA    """;2707;"""TONICA ANTARCTICA LAT""";181;2292,46
;307;930;05/06/2010;05/06/2010;63065;1;"""E""";930;"""FILIAL CEBRASA    """;2390;"""GUARANA CHP ANTARCTIC""";54;953,38
;307;930;05/06/2010;05/06/2010;63065;1;"""E""";930;"""FILIAL CEBRASA    """;498;"""PEPSI COLA PET 600ML """;54;947,35
;307;930;07/06/2010;07/06/2010;63085;1;"""E""";930;"""FILIAL CEBRASA    """;7605;"""SKOL LATA 350ML TWELV""";1226;19206,15
;307;930;05/06/2010;05/06/2010;63089;1;"""E""";930;"""FILIAL CEBRASA    """;503;"""SUKITA PET 2L CAIXA C""";112;1786,08
;307;930;05/06/2010;05/06/2010;63090;1;"""E""";930;"""FILIAL CEBRASA    """;504;"""PEPSI COLA PET 2L CAI""";104;1884,17
;307;930;05/06/2010;05/06/2010;63090;1;"""E""";930;"""FILIAL CEBRASA    """;1166;"""SUKITA UVA PET 2L CAI""";80;1138,33
;307;930;05/06/2010;05/06/2010;63090;1;"""E""";930;"""FILIAL CEBRASA    """;2349;"""GUARANA CHP ANTARCTIC""";204;3718,1
;307;930;07/06/2010;07/06/2010;63103;1;"""E""";930;"""FILIAL CEBRASA    """;503;"""SUKITA PET 2L CAIXA C""";280;4465,19
;307;930;07/06/2010;07/06/2010;63103;1;"""E""";930;"""FILIAL CEBRASA    """;504;"""PEPSI COLA PET 2L CAI""";209;3786,45
;307;930;07/06/2010;07/06/2010;63103;1;"""E""";930;"""FILIAL CEBRASA    """;1166;"""SUKITA UVA PET 2L CAI""";121;1721,72
;307;930;07/06/2010;07/06/2010;63109;1;"""E""";930;"""FILIAL CEBRASA    """;988;"""BRAHMA CHOPP 600ML   """;458;10346,27
;307;930;07/06/2010;07/06/2010;63113;1;"""E""";930;"""FILIAL CEBRASA    """;2546;"""ORIGINAL 600ML       """;192;5714,84
;307;930;07/06/2010;07/06/2010;63113;1;"""E""";930;"""FILIAL CEBRASA    """;3733;"""BOHEMIA NOVA EMBALAGE""";238;6191,07
;307;930;07/06/2010;07/06/2010;63116;1;"""E""";930;"""FILIAL CEBRASA    """;982;"""SKOL 600ML           """;440;11204,47
;307;930;07/06/2010;07/06/2010;63124;1;"""E""";930;"""FILIAL CEBRASA    """;576;"""SUKITA 290ML         """;24;148,32
;307;930;07/06/2010;07/06/2010;63124;1;"""E""";930;"""FILIAL CEBRASA    """;2237;"""TONICA ANTARCTICA 290""";46;266,03
;307;930;07/06/2010;07/06/2010;63124;1;"""E""";930;"""FILIAL CEBRASA    """;2595;"""GUARANA CHP ANTARCTIC""";42;256,77
;307;930;07/06/2010;07/06/2010;63125;1;"""E""";930;"""FILIAL CEBRASA    """;909;"""PEPSI COLA 284ML     """;68;400,43
;307;930;07/06/2010;07/06/2010;63125;1;"""E""";930;"""FILIAL CEBRASA    """;971;"""CARACU 300ML         """;94;1381,6
;307;930;07/06/2010;07/06/2010;63125;1;"""E""";930;"""FILIAL CEBRASA    """;2231;"""GUARANA CHP ANTARCTIC""";194;1238,32
;307;930;07/06/2010;07/06/2010;63135;1;"""E""";930;"""FILIAL CEBRASA    """;2349;"""GUARANA CHP ANTARCTIC""";604;11008,5
;307;930;07/06/2010;07/06/2010;63142;1;"""E""";930;"""FILIAL CEBRASA    """;988;"""BRAHMA CHOPP 600ML   """;458;10346,27
;307;930;07/06/2010;07/06/2010;63147;1;"""E""";930;"""FILIAL CEBRASA    """;7605;"""SKOL LATA 350ML TWELV""";1226;19206,15
;307;930;07/06/2010;07/06/2010;63172;1;"""E""";930;"""FILIAL CEBRASA    """;1168;"""GUARAH GUARANA ANTARC""";26;403,41
;307;930;07/06/2010;07/06/2010;63172;1;"""E""";930;"""FILIAL CEBRASA    """;8793;"""H2OH LIMAO C/GAS PET """;75;988,63
;307;930;07/06/2010;07/06/2010;63173;1;"""E""";930;"""FILIAL CEBRASA    """;1172;"""H2OH LIMAO/MACA C/GAS""";59;945,77
;307;930;07/06/2010;07/06/2010;63173;1;"""E""";930;"""FILIAL CEBRASA    """;1822;"""H2OH LIMAO MARACUJA C""";59;945,77
;307;930;07/06/2010;07/06/2010;63173;1;"""E""";930;"""FILIAL CEBRASA    """;8791;"""H2OH LIMAO C/GAS PET """;323;5177,69
;307;930;07/06/2010;07/06/2010;63175;1;"""E""";930;"""FILIAL CEBRASA    """;982;"""SKOL 600ML           """;440;11204,47
;307;930;07/06/2010;07/06/2010;63189;1;"""E""";930;"""FILIAL CEBRASA    """;988;"""BRAHMA CHOPP 600ML   """;458;10346,27
;307;930;07/06/2010;07/06/2010;63191;1;"""E""";930;"""FILIAL CEBRASA    """;7605;"""SKOL LATA 350ML TWELV""";244;3822,43
;307;930;07/06/2010;07/06/2010;63191;1;"""E""";930;"""FILIAL CEBRASA    """;7642;"""BRAHMA CHOPP LATA 350""";1340;19207,02
;307;930;07/06/2010;07/06/2010;63194;1;"""E""";930;"""FILIAL CEBRASA    """;982;"""SKOL 600ML           """;378;9612,73
;307;930;07/06/2010;07/06/2010;63197;1;"""E""";930;"""FILIAL CEBRASA    """;988;"""BRAHMA CHOPP 600ML   """;458;10346,27
;307;930;08/06/2010;08/06/2010;63222;1;"""E""";930;"""FILIAL CEBRASA    """;7642;"""BRAHMA CHOPP LATA 350""";168;2408,04
;307;930;08/06/2010;08/06/2010;63222;1;"""E""";930;"""FILIAL CEBRASA    """;2942;"""GUARANA CHP ANTARCTIC""";366;4770
;307;930;08/06/2010;08/06/2010;63222;1;"""E""";930;"""FILIAL CEBRASA    """;2707;"""TONICA ANTARCTICA LAT""";91;1152,56
;307;930;08/06/2010;08/06/2010;63223;1;"""E""";930;"""FILIAL CEBRASA    """;2277;"""GUARANA CHP ANTARCTIC""";78;981,16
;307;930;08/06/2010;08/06/2010;63223;1;"""E""";930;"""FILIAL CEBRASA    """;7700;"""SUKITA LATA 350ML TWE""";133;1725,71
;307;930;08/06/2010;08/06/2010;63223;1;"""E""";930;"""FILIAL CEBRASA    """;7699;"""PEPSI COLA LATA 350ML""";147;1913,22
;307;930;08/06/2010;08/06/2010;63235;1;"""E""";930;"""FILIAL CEBRASA    """;2538;"""ANTARCTICA PILSEN 600""";400;9428,84
;307;930;08/06/2010;08/06/2010;63237;1;"""E""";930;"""FILIAL CEBRASA    """;2538;"""ANTARCTICA PILSEN 600""";400;9428,84
;307;930;08/06/2010;08/06/2010;63241;1;"""E""";930;"""FILIAL CEBRASA    """;2538;"""ANTARCTICA PILSEN 600""";400;9428,84
;307;930;08/06/2010;08/06/2010;63246;1;"""E""";930;"""FILIAL CEBRASA    """;7605;"""SKOL LATA 350ML TWELV""";1224;19174,82
;307;930;08/06/2010;08/06/2010;63247;1;"""E""";930;"""FILIAL CEBRASA    """;2488;"""ANTARCTICA PILSEN LAT""";472;7056,31
;307;930;08/06/2010;08/06/2010;63247;1;"""E""";930;"""FILIAL CEBRASA    """;7642;"""BRAHMA CHOPP LATA 350""";1004;14390,93
;307;930;08/06/2010;08/06/2010;63253;1;"""E""";930;"""FILIAL CEBRASA    """;988;"""BRAHMA CHOPP 600ML   """;458;10346,27
;307;930;08/06/2010;08/06/2010;63257;1;"""E""";930;"""FILIAL CEBRASA    """;988;"""BRAHMA CHOPP 600ML   """;392;8841,95
;307;930;08/06/2010;08/06/2010;63261;1;"""E""";930;"""FILIAL CEBRASA    """;2538;"""ANTARCTICA PILSEN 600""";400;9428,84
;307;930;08/06/2010;08/06/2010;63262;1;"""E""";930;"""FILIAL CEBRASA    """;2390;"""GUARANA CHP ANTARCTIC""";300;5296,53
;307;930;08/06/2010;08/06/2010;63263;1;"""E""";930;"""FILIAL CEBRASA    """;7947;"""GUARANA CHP ANTARCTIC""";68;1190,41
;307;930;08/06/2010;08/06/2010;63263;1;"""E""";930;"""FILIAL CEBRASA    """;2392;"""GUARANA CHP ANTARCTIC""";55;971,03
;307;930;08/06/2010;08/06/2010;63263;1;"""E""";930;"""FILIAL CEBRASA    """;686;"""SUKITA PET 600ML CAIX""";81;1424,5
;307;930;08/06/2010;08/06/2010;63284;1;"""E""";930;"""FILIAL CEBRASA    """;2546;"""ORIGINAL 600ML       """;190;5655,31
;307;930;08/06/2010;08/06/2010;63284;1;"""E""";930;"""FILIAL CEBRASA    """;3733;"""BOHEMIA NOVA EMBALAGE""";236;6139,04
;307;930;08/06/2010;08/06/2010;63306;1;"""E""";930;"""FILIAL CEBRASA    """;503;"""SUKITA PET 2L CAIXA C""";112;1786,08
;307;930;08/06/2010;08/06/2010;63306;1;"""E""";930;"""FILIAL CEBRASA    """;504;"""PEPSI COLA PET 2L CAI""";104;1884,17
;307;930;08/06/2010;08/06/2010;63306;1;"""E""";930;"""FILIAL CEBRASA    """;2349;"""GUARANA CHP ANTARCTIC""";402;7326,85
;307;930;08/06/2010;08/06/2010;63311;1;"""E""";930;"""FILIAL CEBRASA    """;988;"""BRAHMA CHOPP 600ML   """;458;10346,27
;307;930;08/06/2010;08/06/2010;63312;1;"""E""";930;"""FILIAL CEBRASA    """;2488;"""ANTARCTICA PILSEN LAT""";472;7056,31
;307;930;08/06/2010;08/06/2010;63312;1;"""E""";930;"""FILIAL CEBRASA    """;9083;"""SKOL LATA 473ML SH C/""";307;6334,61
;307;930;08/06/2010;08/06/2010;63314;1;"""E""";930;"""FILIAL CEBRASA    """;7605;"""SKOL LATA 350ML TWELV""";489;7660,53
;307;930;08/06/2010;08/06/2010;63322;1;"""E""";930;"""FILIAL CEBRASA    """;2538;"""ANTARCTICA PILSEN 600""";400;9428,84
;307;930;09/06/2010;09/06/2010;63345;1;"""E""";930;"""FILIAL CEBRASA    """;2349;"""GUARANA CHP ANTARCTIC""";605;11026,73
;307;930;09/06/2010;09/06/2010;63368;1;"""E""";930;"""FILIAL CEBRASA    """;2942;"""GUARANA CHP ANTARCTIC""";321;4183,53
;307;930;09/06/2010;09/06/2010;63368;1;"""E""";930;"""FILIAL CEBRASA    """;7699;"""PEPSI COLA LATA 350ML""";146;1900,2
;307;930;09/06/2010;09/06/2010;63369;1;"""E""";930;"""FILIAL CEBRASA    """;2686;"""SODA LIMONADA ANTARCT""";131;1688,89
;307;930;09/06/2010;09/06/2010;63369;1;"""E""";930;"""FILIAL CEBRASA    """;7700;"""SUKITA LATA 350ML TWE""";134;1738,69
;307;930;09/06/2010;09/06/2010;63369;1;"""E""";930;"""FILIAL CEBRASA    """;2707;"""TONICA ANTARCTICA LAT""";181;2292,46
;307;930;09/06/2010;09/06/2010;63370;1;"""E""";930;"""FILIAL CEBRASA    """;982;"""SKOL 600ML           """;440;11204,47
;307;930;09/06/2010;09/06/2010;63375;1;"""E""";930;"""FILIAL CEBRASA    """;2538;"""ANTARCTICA PILSEN 600""";400;9428,84
;307;930;09/06/2010;09/06/2010;63382;1;"""E""";930;"""FILIAL CEBRASA    """;7605;"""SKOL LATA 350ML TWELV""";1226;19206,15
;307;930;09/06/2010;09/06/2010;63387;1;"""E""";930;"""FILIAL CEBRASA    """;982;"""SKOL 600ML           """;440;11204,47
;307;930;09/06/2010;09/06/2010;63389;1;"""E""";930;"""FILIAL CEBRASA    """;2538;"""ANTARCTICA PILSEN 600""";400;9428,84
;307;930;09/06/2010;09/06/2010;63403;1;"""E""";930;"""FILIAL CEBRASA    """;7945;"""PEPSI COLA PET 2,5L C""";85;1334,14
;307;930;09/06/2010;09/06/2010;63403;1;"""E""";930;"""FILIAL CEBRASA    """;7947;"""GUARANA CHP ANTARCTIC""";236;4131,44
;307;930;09/06/2010;09/06/2010;63417;1;"""E""";930;"""FILIAL CEBRASA    """;503;"""SUKITA PET 2L CAIXA C""";506;8069,23
;307;930;09/06/2010;09/06/2010;63417;1;"""E""";930;"""FILIAL CEBRASA    """;504;"""PEPSI COLA PET 2L CAI""";156;2826,25
;307;930;09/06/2010;09/06/2010;63423;1;"""E""";930;"""FILIAL CEBRASA    """;504;"""PEPSI COLA PET 2L CAI""";521;9438,96
;307;930;09/06/2010;09/06/2010;63429;1;"""E""";930;"""FILIAL CEBRASA    """;2488;"""ANTARCTICA PILSEN LAT""";473;7071,26
;307;930;09/06/2010;09/06/2010;63429;1;"""E""";930;"""FILIAL CEBRASA    """;7605;"""SKOL LATA 350ML TWELV""";734;11498,62
;307;930;09/06/2010;09/06/2010;63435;1;"""E""";930;"""FILIAL CEBRASA    """;982;"""SKOL 600ML           """;440;11204,47
;307;930;09/06/2010;09/06/2010;63439;1;"""E""";930;"""FILIAL CEBRASA    """;982;"""SKOL 600ML           """;440;11204,47
;307;930;09/06/2010;09/06/2010;63446;1;"""E""";930;"""FILIAL CEBRASA    """;2231;"""GUARANA CHP ANTARCTIC""";192;1225,55
;307;930;09/06/2010;09/06/2010;63446;1;"""E""";930;"""FILIAL CEBRASA    """;7945;"""PEPSI COLA PET 2,5L C""";57;894,66
;307;930;09/06/2010;09/06/2010;63446;1;"""E""";930;"""FILIAL CEBRASA    """;7947;"""GUARANA CHP ANTARCTIC""";135;2363,32
;307;930;09/06/2010;09/06/2010;63447;1;"""E""";930;"""FILIAL CEBRASA    """;2538;"""ANTARCTICA PILSEN 600""";412;9711,71
;307;930;09/06/2010;09/06/2010;63454;1;"""E""";930;"""FILIAL CEBRASA    """;2538;"""ANTARCTICA PILSEN 600""";344;8097,04
;307;930;09/06/2010;09/06/2010;63459;1;"""E""";930;"""FILIAL CEBRASA    """;2942;"""GUARANA CHP ANTARCTIC""";915;11925,01
;307;930;10/06/2010;10/06/2010;63479;1;"""E""";930;"""FILIAL CEBRASA    """;988;"""BRAHMA CHOPP 600ML   """;458;10346,27
;307;930;10/06/2010;10/06/2010;63483;1;"""E""";930;"""FILIAL CEBRASA    """;988;"""BRAHMA CHOPP 600ML   """;458;10346,27
;307;930;10/06/2010;10/06/2010;63491;1;"""E""";930;"""FILIAL CEBRASA    """;982;"""SKOL 600ML           """;452;11510,04
;307;930;10/06/2010;10/06/2010;63520;1;"""E""";930;"""FILIAL CEBRASA    """;2538;"""ANTARCTICA PILSEN 600""";344;8097,04
;307;930;10/06/2010;10/06/2010;63525;1;"""E""";930;"""FILIAL CEBRASA    """;2488;"""ANTARCTICA PILSEN LAT""";1180;17640,76
;307;930;10/06/2010;10/06/2010;63526;1;"""E""";930;"""FILIAL CEBRASA    """;982;"""SKOL 600ML           """;440;11204,47
;307;930;10/06/2010;10/06/2010;63535;1;"""E""";930;"""FILIAL CEBRASA    """;7642;"""BRAHMA CHOPP LATA 350""";1673;23980,11
;307;930;10/06/2010;10/06/2010;63541;1;"""E""";930;"""FILIAL CEBRASA    """;2538;"""ANTARCTICA PILSEN 600""";400;9428,84
;307;930;10/06/2010;10/06/2010;63550;1;"""E""";930;"""FILIAL CEBRASA    """;2538;"""ANTARCTICA PILSEN 600""";404;9523,13
;307;930;10/06/2010;10/06/2010;63559;1;"""E""";930;"""FILIAL CEBRASA    """;982;"""SKOL 600ML           """;440;11204,47
;307;930;10/06/2010;10/06/2010;63565;1;"""E""";930;"""FILIAL CEBRASA    """;2488;"""ANTARCTICA PILSEN LAT""";472;7056,31
;307;930;10/06/2010;10/06/2010;63565;1;"""E""";930;"""FILIAL CEBRASA    """;7605;"""SKOL LATA 350ML TWELV""";246;3853,76
;307;930;10/06/2010;10/06/2010;63569;1;"""E""";930;"""FILIAL CEBRASA    """;2538;"""ANTARCTICA PILSEN 600""";400;9428,84
;307;930;10/06/2010;10/06/2010;63570;1;"""E""";930;"""FILIAL CEBRASA    """;982;"""SKOL 600ML           """;392;9968,76
;310;666;04/06/2010;04/06/2010;21219;2;"""A""";666;"""GRAZIELA SOLERA   """;101489;"""BARRIL CHOPP,30L,    """;2;800
;310;2783;02/06/2010;02/06/2010;21126;2;"""A""";2783;"""ASBEG             """;1000358;"""OASIS NORMAL         """;3;6300
;310;3112;04/06/2010;04/06/2010;21218;2;"""A""";3112;"""HEXA BEER         """;1000302;"""MESA PLASTICA SKOL   """;       ;0
;310;3112;04/06/2010;04/06/2010;21218;2;"""A""";3112;"""HEXA BEER         """;1000303;"""CADEIRA PLASTICA SKOL""";       ;0
;310;3112;04/06/2010;04/06/2010;21218;2;"""A""";3112;"""HEXA BEER         """;1001019;"""VISA COOLER GUARANA  """;       ;0
;310;3112;04/06/2010;04/06/2010;21218;2;"""A""";3112;"""HEXA BEER         """;1035811;"""OASIS NORMAL PORTA DE""";       ;0
;310;21573;04/06/2010;04/06/2010;21220;2;"""A""";21573;"""LANC NOVA OPCAO   """;1003581;"""OASIS NORMAL PORTA DE""";1;2500
;310;27396;04/06/2010;04/06/2010;21221;2;"""A""";27396;"""CASA  CARNE ALAMED""";118751;"""REFRIGERADOR BRAHMA N""";1;2100
;310;27396;04/06/2010;04/06/2010;21221;2;"""A""";27396;"""CASA  CARNE ALAMED""";118767;"""REFRIGERADOR BRAHMA D""";1;3600
;310;28092;04/06/2010;04/06/2010;21222;2;"""A""";28092;"""S.G.P.A           """;101490;"""BARRIL CHOPP,50L,    """;14;7000
;310;33284;04/06/2010;04/06/2010;21244;2;"""A""";33284;"""PASTELARIA 84     """;1003581;"""OASIS NORMAL PORTA DE""";1;2500
;310;38038;04/06/2010;04/06/2010;21243;2;"""A""";38038;"""TRADICAO RESTAURAN""";1001019;"""VISA COOLER GUARANA  """;1;1480
;310;45646;04/06/2010;04/06/2010;21245;2;"""A""";45646;"""BAR E CHOPP GUACAM""";1000302;"""MESA PLASTICA SKOL   """;20;1200
;310;45646;04/06/2010;04/06/2010;21245;2;"""A""";45646;"""BAR E CHOPP GUACAM""";1000303;"""CADEIRA PLASTICA SKOL""";80;2000
;310;56021;04/06/2010;04/06/2010;21223;2;"""A""";56021;"""CHOPP TROPICAL    """;1000302;"""MESA PLASTICA SKOL   """;3;180
;310;56021;04/06/2010;04/06/2010;21223;2;"""A""";56021;"""CHOPP TROPICAL    """;1000303;"""CADEIRA PLASTICA SKOL""";12;300
;310;64771;04/06/2010;04/06/2010;21242;2;"""A""";64771;"""BOLA SETE         """;1000302;"""MESA PLASTICA SKOL   """;140;8400
;310;64771;04/06/2010;04/06/2010;21242;2;"""A""";64771;"""BOLA SETE         """;1000303;"""CADEIRA PLASTICA SKOL""";560;14000
;310;67030;04/06/2010;04/06/2010;21241;2;"""A""";67030;"""BAR PEIXE         """;1000358;"""OASIS NORMAL         """;1;2100
;310;77777;04/06/2010;04/06/2010;21225;2;"""A""";77777;"""REGRA LOGISTICA LT""";1001019;"""VISA COOLER GUARANA  """;1;1480
;310;77777;04/06/2010;04/06/2010;21225;2;"""A""";77777;"""REGRA LOGISTICA LT""";1000353;"""OASIS MINI           """;1;1600
;310;95642;04/06/2010;04/06/2010;21224;2;"""A""";95642;"""BAR DO OSWALDO    """;1000353;"""OASIS MINI           """;1;1600
;310;95720;03/06/2010;03/06/2010;21152;2;"""A""";95720;"""S DA EUROPA BAR RE""";1000358;"""OASIS NORMAL         """;1;2100
;314;776;07/06/2010;07/06/2010;25382;1;"""E""";776;"""FILIAL GOIANIA    """;982;"""SKOL 600ML           """;1072;27404,72
;314;930;03/06/2010;03/06/2010;62851;1;"""E""";930;"""FILIAL CEBRASA    """;982;"""SKOL 600ML           """;2352;59892,97
;314;930;03/06/2010;03/06/2010;62858;1;"""E""";930;"""FILIAL CEBRASA    """;2277;"""GUARANA CHP ANTARCTIC""";117;1471,74
